/*
  sunset.c — a 128 x 80 picture as a C array, RGB565.

  This is exactly what LVGL's image converter produces, so your own pictures
  go the same way:

    1. https://lvgl.io/tools/imageconverter  (choose LVGL v9)
    2. Color format: RGB565 (or RGB565A8 if it has transparency)
    3. Output format: C array
    4. Drop the .c file into your sketch folder, next to the .ino
    5. In the sketch: LV_IMAGE_DECLARE(the_name);  then use &the_name

  The pixels live in flash (const), so a picture costs flash, not RAM:
  width x height x 2 bytes, here 20480 bytes.
*/
#include <lvgl.h>

static const uint8_t sunset_map[] = {
  0xeb, 0x28, 0xeb, 0x28, 0xeb, 0x28, 0xeb, 0x28, 0xeb, 0x28, 0xeb, 0x28, 0xeb, 0x28, 0xeb, 0x28,
  0xeb, 0x28, 0xeb, 0x28, 0xeb, 0x28, 0xeb, 0x28, 0xeb, 0x28, 0xeb, 0x28, 0xeb, 0x28, 0xeb, 0x28,
  0xeb, 0x28, 0xeb, 0x28, 0xeb, 0x28, 0xeb, 0x28, 0xeb, 0x28, 0xeb, 0x28, 0xeb, 0x28, 0xeb, 0x28,
  0xeb, 0x28, 0xeb, 0x28, 0xeb, 0x28, 0xeb, 0x28, 0xeb, 0x28, 0xeb, 0x28, 0xeb, 0x28, 0xeb, 0x28,
  0xeb, 0x28, 0xeb, 0x28, 0xeb, 0x28, 0xeb, 0x28, 0xeb, 0x28, 0xeb, 0x28, 0xeb, 0x28, 0xeb, 0x28,
  0xeb, 0x28, 0xeb, 0x28, 0xeb, 0x28, 0xeb, 0x28, 0xeb, 0x28, 0xeb, 0x28, 0xeb, 0x28, 0xeb, 0x28,
  0xeb, 0x28, 0xeb, 0x28, 0xeb, 0x28, 0xeb, 0x28, 0xeb, 0x28, 0xeb, 0x28, 0xeb, 0x28, 0xeb, 0x28,
  0xeb, 0x28, 0xeb, 0x28, 0xeb, 0x28, 0xeb, 0x28, 0xeb, 0x28, 0xeb, 0x28, 0xeb, 0x28, 0xeb, 0x28,
  0xeb, 0x28, 0xeb, 0x28, 0xeb, 0x28, 0xeb, 0x28, 0xeb, 0x28, 0xeb, 0x28, 0xeb, 0x28, 0xeb, 0x28,
  0xeb, 0x28, 0xeb, 0x28, 0xeb, 0x28, 0xeb, 0x28, 0xeb, 0x28, 0xeb, 0x28, 0xeb, 0x28, 0xeb, 0x28,
  0xeb, 0x28, 0xeb, 0x28, 0xeb, 0x28, 0xeb, 0x28, 0xeb, 0x28, 0xeb, 0x28, 0xeb, 0x28, 0xeb, 0x28,
  0xeb, 0x28, 0xeb, 0x28, 0xeb, 0x28, 0xeb, 0x28, 0xeb, 0x28, 0xeb, 0x28, 0xeb, 0x28, 0xeb, 0x28,
  0xeb, 0x28, 0xeb, 0x28, 0xeb, 0x28, 0xeb, 0x28, 0xeb, 0x28, 0xeb, 0x28, 0xeb, 0x28, 0xeb, 0x28,
  0xeb, 0x28, 0xeb, 0x28, 0xeb, 0x28, 0xeb, 0x28, 0xeb, 0x28, 0xeb, 0x28, 0xeb, 0x28, 0xeb, 0x28,
  0xeb, 0x28, 0xeb, 0x28, 0xeb, 0x28, 0xeb, 0x28, 0xeb, 0x28, 0xeb, 0x28, 0xeb, 0x28, 0xeb, 0x28,
  0xeb, 0x28, 0xeb, 0x28, 0xeb, 0x28, 0xeb, 0x28, 0xeb, 0x28, 0xeb, 0x28, 0xeb, 0x28, 0xeb, 0x28,
  0xeb, 0x28, 0xeb, 0x28, 0xeb, 0x28, 0xeb, 0x28, 0xeb, 0x28, 0xeb, 0x28, 0xeb, 0x28, 0xeb, 0x28,
  0xeb, 0x28, 0xeb, 0x28, 0xeb, 0x28, 0xeb, 0x28, 0xeb, 0x28, 0xeb, 0x28, 0xeb, 0x28, 0xeb, 0x28,
  0xeb, 0x28, 0xeb, 0x28, 0xeb, 0x28, 0xeb, 0x28, 0xeb, 0x28, 0xeb, 0x28, 0xeb, 0x28, 0xeb, 0x28,
  0xeb, 0x28, 0xeb, 0x28, 0xeb, 0x28, 0xeb, 0x28, 0xeb, 0x28, 0xeb, 0x28, 0xeb, 0x28, 0xeb, 0x28,
  0xeb, 0x28, 0xeb, 0x28, 0xeb, 0x28, 0xeb, 0x28, 0xeb, 0x28, 0xeb, 0x28, 0xeb, 0x28, 0xeb, 0x28,
  0xeb, 0x28, 0xeb, 0x28, 0xeb, 0x28, 0xeb, 0x28, 0xeb, 0x28, 0xeb, 0x28, 0xeb, 0x28, 0xeb, 0x28,
  0xeb, 0x28, 0xeb, 0x28, 0xeb, 0x28, 0xeb, 0x28, 0xeb, 0x28, 0xeb, 0x28, 0xeb, 0x28, 0xeb, 0x28,
  0xeb, 0x28, 0xeb, 0x28, 0xeb, 0x28, 0xeb, 0x28, 0xeb, 0x28, 0xeb, 0x28, 0xeb, 0x28, 0xeb, 0x28,
  0xeb, 0x28, 0xeb, 0x28, 0xeb, 0x28, 0xeb, 0x28, 0xeb, 0x28, 0xeb, 0x28, 0xeb, 0x28, 0xeb, 0x28,
  0xeb, 0x28, 0xeb, 0x28, 0xeb, 0x28, 0xeb, 0x28, 0xeb, 0x28, 0xeb, 0x28, 0xeb, 0x28, 0xeb, 0x28,
  0xeb, 0x28, 0xeb, 0x28, 0xeb, 0x28, 0xeb, 0x28, 0xeb, 0x28, 0xeb, 0x28, 0xeb, 0x28, 0xeb, 0x28,
  0xeb, 0x28, 0xeb, 0x28, 0xeb, 0x28, 0xeb, 0x28, 0xeb, 0x28, 0xeb, 0x28, 0xeb, 0x28, 0xeb, 0x28,
  0xeb, 0x28, 0xeb, 0x28, 0xeb, 0x28, 0xeb, 0x28, 0xeb, 0x28, 0xeb, 0x28, 0xeb, 0x28, 0xeb, 0x28,
  0xeb, 0x28, 0xeb, 0x28, 0xeb, 0x28, 0xeb, 0x28, 0xeb, 0x28, 0xeb, 0x28, 0xeb, 0x28, 0xeb, 0x28,
  0xeb, 0x28, 0xeb, 0x28, 0xeb, 0x28, 0xeb, 0x28, 0xeb, 0x28, 0xeb, 0x28, 0xeb, 0x28, 0xeb, 0x28,
  0xeb, 0x28, 0xeb, 0x28, 0xeb, 0x28, 0xeb, 0x28, 0xeb, 0x28, 0xeb, 0x28, 0xeb, 0x28, 0xeb, 0x28,
  0x0b, 0x29, 0x0b, 0x29, 0x0b, 0x29, 0x0b, 0x29, 0x0b, 0x29, 0x0b, 0x29, 0x0b, 0x29, 0x0b, 0x29,
  0x0b, 0x29, 0x0b, 0x29, 0x0b, 0x29, 0x0b, 0x29, 0x0b, 0x29, 0x0b, 0x29, 0x0b, 0x29, 0x0b, 0x29,
  0x0b, 0x29, 0x0b, 0x29, 0x0b, 0x29, 0x0b, 0x29, 0x0b, 0x29, 0x0b, 0x29, 0x0b, 0x29, 0x0b, 0x29,
  0x0b, 0x29, 0x0b, 0x29, 0x0b, 0x29, 0x0b, 0x29, 0x0b, 0x29, 0x0b, 0x29, 0x0b, 0x29, 0x0b, 0x29,
  0x0b, 0x29, 0x0b, 0x29, 0x0b, 0x29, 0x0b, 0x29, 0x0b, 0x29, 0x0b, 0x29, 0x0b, 0x29, 0x0b, 0x29,
  0x0b, 0x29, 0x0b, 0x29, 0x0b, 0x29, 0x0b, 0x29, 0x0b, 0x29, 0x0b, 0x29, 0x0b, 0x29, 0x0b, 0x29,
  0x0b, 0x29, 0x0b, 0x29, 0x0b, 0x29, 0x0b, 0x29, 0x0b, 0x29, 0x0b, 0x29, 0x0b, 0x29, 0x0b, 0x29,
  0x0b, 0x29, 0x0b, 0x29, 0x0b, 0x29, 0x0b, 0x29, 0x0b, 0x29, 0x0b, 0x29, 0x0b, 0x29, 0x0b, 0x29,
  0x0b, 0x29, 0x0b, 0x29, 0x0b, 0x29, 0x0b, 0x29, 0x0b, 0x29, 0x0b, 0x29, 0x0b, 0x29, 0x0b, 0x29,
  0x0b, 0x29, 0x0b, 0x29, 0x0b, 0x29, 0x0b, 0x29, 0x0b, 0x29, 0x0b, 0x29, 0x0b, 0x29, 0x0b, 0x29,
  0x0b, 0x29, 0x0b, 0x29, 0x0b, 0x29, 0x0b, 0x29, 0x0b, 0x29, 0x0b, 0x29, 0x0b, 0x29, 0x0b, 0x29,
  0x0b, 0x29, 0x0b, 0x29, 0x0b, 0x29, 0x0b, 0x29, 0x0b, 0x29, 0x0b, 0x29, 0x0b, 0x29, 0x0b, 0x29,
  0x0b, 0x29, 0x0b, 0x29, 0x0b, 0x29, 0x0b, 0x29, 0x0b, 0x29, 0x0b, 0x29, 0x0b, 0x29, 0x0b, 0x29,
  0x0b, 0x29, 0x0b, 0x29, 0x0b, 0x29, 0x0b, 0x29, 0x0b, 0x29, 0x0b, 0x29, 0x0b, 0x29, 0x0b, 0x29,
  0x0b, 0x29, 0x0b, 0x29, 0x0b, 0x29, 0x0b, 0x29, 0x0b, 0x29, 0x0b, 0x29, 0x0b, 0x29, 0x0b, 0x29,
  0x0b, 0x29, 0x0b, 0x29, 0x0b, 0x29, 0x0b, 0x29, 0x0b, 0x29, 0x0b, 0x29, 0x0b, 0x29, 0x0b, 0x29,
  0x0a, 0x31, 0x0a, 0x31, 0x0a, 0x31, 0x0a, 0x31, 0x0a, 0x31, 0x0a, 0x31, 0x0a, 0x31, 0x0a, 0x31,
  0x0a, 0x31, 0x0a, 0x31, 0x0a, 0x31, 0x0a, 0x31, 0x0a, 0x31, 0x0a, 0x31, 0x0a, 0x31, 0x0a, 0x31,
  0x0a, 0x31, 0x0a, 0x31, 0x0a, 0x31, 0x0a, 0x31, 0x0a, 0x31, 0x0a, 0x31, 0x0a, 0x31, 0x0a, 0x31,
  0x0a, 0x31, 0x0a, 0x31, 0x0a, 0x31, 0x0a, 0x31, 0x0a, 0x31, 0x0a, 0x31, 0x0a, 0x31, 0x0a, 0x31,
  0x0a, 0x31, 0x0a, 0x31, 0x0a, 0x31, 0x0a, 0x31, 0x0a, 0x31, 0x0a, 0x31, 0x0a, 0x31, 0x0a, 0x31,
  0x0a, 0x31, 0x0a, 0x31, 0x0a, 0x31, 0x0a, 0x31, 0x0a, 0x31, 0x0a, 0x31, 0x0a, 0x31, 0x0a, 0x31,
  0x0a, 0x31, 0x0a, 0x31, 0x0a, 0x31, 0x0a, 0x31, 0x0a, 0x31, 0x0a, 0x31, 0x0a, 0x31, 0x0a, 0x31,
  0x0a, 0x31, 0x0a, 0x31, 0x0a, 0x31, 0x0a, 0x31, 0x0a, 0x31, 0x0a, 0x31, 0x0a, 0x31, 0x0a, 0x31,
  0x0a, 0x31, 0x0a, 0x31, 0x0a, 0x31, 0x0a, 0x31, 0x0a, 0x31, 0x0a, 0x31, 0x0a, 0x31, 0x0a, 0x31,
  0x0a, 0x31, 0x0a, 0x31, 0x0a, 0x31, 0x0a, 0x31, 0x0a, 0x31, 0x0a, 0x31, 0x0a, 0x31, 0x0a, 0x31,
  0x0a, 0x31, 0x0a, 0x31, 0x0a, 0x31, 0x0a, 0x31, 0x0a, 0x31, 0x0a, 0x31, 0x0a, 0x31, 0x0a, 0x31,
  0x0a, 0x31, 0x0a, 0x31, 0x0a, 0x31, 0x0a, 0x31, 0x0a, 0x31, 0x0a, 0x31, 0x0a, 0x31, 0x0a, 0x31,
  0x0a, 0x31, 0x0a, 0x31, 0x0a, 0x31, 0x0a, 0x31, 0x0a, 0x31, 0x0a, 0x31, 0x0a, 0x31, 0x0a, 0x31,
  0x0a, 0x31, 0x0a, 0x31, 0x0a, 0x31, 0x0a, 0x31, 0x0a, 0x31, 0x0a, 0x31, 0x0a, 0x31, 0x0a, 0x31,
  0x0a, 0x31, 0x0a, 0x31, 0x0a, 0x31, 0x0a, 0x31, 0x0a, 0x31, 0x0a, 0x31, 0x0a, 0x31, 0x0a, 0x31,
  0x0a, 0x31, 0x0a, 0x31, 0x0a, 0x31, 0x0a, 0x31, 0x0a, 0x31, 0x0a, 0x31, 0x0a, 0x31, 0x0a, 0x31,
  0x0a, 0x31, 0x0a, 0x31, 0x0a, 0x31, 0x0a, 0x31, 0x0a, 0x31, 0x0a, 0x31, 0x0a, 0x31, 0x0a, 0x31,
  0x0a, 0x31, 0x0a, 0x31, 0x0a, 0x31, 0x0a, 0x31, 0x0a, 0x31, 0x0a, 0x31, 0x0a, 0x31, 0x0a, 0x31,
  0x0a, 0x31, 0x0a, 0x31, 0x0a, 0x31, 0x0a, 0x31, 0x0a, 0x31, 0x0a, 0x31, 0x0a, 0x31, 0x0a, 0x31,
  0x0a, 0x31, 0x0a, 0x31, 0x0a, 0x31, 0x0a, 0x31, 0x0a, 0x31, 0x0a, 0x31, 0x0a, 0x31, 0x0a, 0x31,
  0x0a, 0x31, 0x0a, 0x31, 0x0a, 0x31, 0x0a, 0x31, 0x0a, 0x31, 0x0a, 0x31, 0x0a, 0x31, 0x0a, 0x31,
  0x0a, 0x31, 0x0a, 0x31, 0x0a, 0x31, 0x0a, 0x31, 0x0a, 0x31, 0x0a, 0x31, 0x0a, 0x31, 0x0a, 0x31,
  0x0a, 0x31, 0x0a, 0x31, 0x0a, 0x31, 0x0a, 0x31, 0x0a, 0x31, 0x0a, 0x31, 0x0a, 0x31, 0x0a, 0x31,
  0x0a, 0x31, 0x0a, 0x31, 0x0a, 0x31, 0x0a, 0x31, 0x0a, 0x31, 0x0a, 0x31, 0x0a, 0x31, 0x0a, 0x31,
  0x0a, 0x31, 0x0a, 0x31, 0x0a, 0x31, 0x0a, 0x31, 0x0a, 0x31, 0x0a, 0x31, 0x0a, 0x31, 0x0a, 0x31,
  0x0a, 0x31, 0x0a, 0x31, 0x0a, 0x31, 0x0a, 0x31, 0x0a, 0x31, 0x0a, 0x31, 0x0a, 0x31, 0x0a, 0x31,
  0x0a, 0x31, 0x0a, 0x31, 0x0a, 0x31, 0x0a, 0x31, 0x0a, 0x31, 0x0a, 0x31, 0x0a, 0x31, 0x0a, 0x31,
  0x0a, 0x31, 0x0a, 0x31, 0x0a, 0x31, 0x0a, 0x31, 0x0a, 0x31, 0x0a, 0x31, 0x0a, 0x31, 0x0a, 0x31,
  0x0a, 0x31, 0x0a, 0x31, 0x0a, 0x31, 0x0a, 0x31, 0x0a, 0x31, 0x0a, 0x31, 0x0a, 0x31, 0x0a, 0x31,
  0x0a, 0x31, 0x0a, 0x31, 0x0a, 0x31, 0x0a, 0x31, 0x0a, 0x31, 0x0a, 0x31, 0x0a, 0x31, 0x0a, 0x31,
  0x0a, 0x31, 0x0a, 0x31, 0x0a, 0x31, 0x0a, 0x31, 0x0a, 0x31, 0x0a, 0x31, 0x0a, 0x31, 0x0a, 0x31,
  0x0a, 0x31, 0x0a, 0x31, 0x0a, 0x31, 0x0a, 0x31, 0x0a, 0x31, 0x0a, 0x31, 0x0a, 0x31, 0x0a, 0x31,
  0x2a, 0x31, 0x2a, 0x31, 0x2a, 0x31, 0x2a, 0x31, 0x2a, 0x31, 0x2a, 0x31, 0x2a, 0x31, 0x2a, 0x31,
  0x2a, 0x31, 0x2a, 0x31, 0x2a, 0x31, 0x2a, 0x31, 0x2a, 0x31, 0x2a, 0x31, 0x2a, 0x31, 0x2a, 0x31,
  0x2a, 0x31, 0x2a, 0x31, 0x2a, 0x31, 0x2a, 0x31, 0x2a, 0x31, 0x2a, 0x31, 0x2a, 0x31, 0x2a, 0x31,
  0x2a, 0x31, 0x2a, 0x31, 0x2a, 0x31, 0x2a, 0x31, 0x2a, 0x31, 0x2a, 0x31, 0x2a, 0x31, 0x2a, 0x31,
  0x2a, 0x31, 0x2a, 0x31, 0x2a, 0x31, 0x2a, 0x31, 0x2a, 0x31, 0x2a, 0x31, 0x2a, 0x31, 0x2a, 0x31,
  0x2a, 0x31, 0x2a, 0x31, 0x2a, 0x31, 0x2a, 0x31, 0x2a, 0x31, 0x2a, 0x31, 0x2a, 0x31, 0x2a, 0x31,
  0x2a, 0x31, 0x2a, 0x31, 0x2a, 0x31, 0x2a, 0x31, 0x2a, 0x31, 0x2a, 0x31, 0x2a, 0x31, 0x2a, 0x31,
  0x2a, 0x31, 0x2a, 0x31, 0x2a, 0x31, 0x2a, 0x31, 0x2a, 0x31, 0x2a, 0x31, 0x2a, 0x31, 0x2a, 0x31,
  0x2a, 0x31, 0x2a, 0x31, 0x2a, 0x31, 0x2a, 0x31, 0x2a, 0x31, 0x2a, 0x31, 0x2a, 0x31, 0x2a, 0x31,
  0x2a, 0x31, 0x2a, 0x31, 0x2a, 0x31, 0x2a, 0x31, 0x2a, 0x31, 0x2a, 0x31, 0x2a, 0x31, 0x2a, 0x31,
  0x2a, 0x31, 0x2a, 0x31, 0x2a, 0x31, 0x2a, 0x31, 0x2a, 0x31, 0x2a, 0x31, 0x2a, 0x31, 0x2a, 0x31,
  0x2a, 0x31, 0x2a, 0x31, 0x2a, 0x31, 0x2a, 0x31, 0x2a, 0x31, 0x2a, 0x31, 0x2a, 0x31, 0x2a, 0x31,
  0x2a, 0x31, 0x2a, 0x31, 0x2a, 0x31, 0x2a, 0x31, 0x2a, 0x31, 0x2a, 0x31, 0x2a, 0x31, 0x2a, 0x31,
  0x2a, 0x31, 0x2a, 0x31, 0x2a, 0x31, 0x2a, 0x31, 0x2a, 0x31, 0x2a, 0x31, 0x2a, 0x31, 0x2a, 0x31,
  0x2a, 0x31, 0x2a, 0x31, 0x2a, 0x31, 0x2a, 0x31, 0x2a, 0x31, 0x2a, 0x31, 0x2a, 0x31, 0x2a, 0x31,
  0x2a, 0x31, 0x2a, 0x31, 0x2a, 0x31, 0x2a, 0x31, 0x2a, 0x31, 0x2a, 0x31, 0x2a, 0x31, 0x2a, 0x31,
  0x2a, 0x39, 0x2a, 0x39, 0x2a, 0x39, 0x2a, 0x39, 0x2a, 0x39, 0x2a, 0x39, 0x2a, 0x39, 0x2a, 0x39,
  0x2a, 0x39, 0x2a, 0x39, 0x2a, 0x39, 0x2a, 0x39, 0x2a, 0x39, 0x2a, 0x39, 0x2a, 0x39, 0x2a, 0x39,
  0x2a, 0x39, 0x2a, 0x39, 0x2a, 0x39, 0x2a, 0x39, 0x2a, 0x39, 0x2a, 0x39, 0x2a, 0x39, 0x2a, 0x39,
  0x2a, 0x39, 0x2a, 0x39, 0x2a, 0x39, 0x2a, 0x39, 0x2a, 0x39, 0x2a, 0x39, 0x2a, 0x39, 0x2a, 0x39,
  0x2a, 0x39, 0x2a, 0x39, 0x2a, 0x39, 0x2a, 0x39, 0x2a, 0x39, 0x2a, 0x39, 0x2a, 0x39, 0x2a, 0x39,
  0x2a, 0x39, 0x2a, 0x39, 0x2a, 0x39, 0x2a, 0x39, 0x2a, 0x39, 0x2a, 0x39, 0x2a, 0x39, 0x2a, 0x39,
  0x2a, 0x39, 0x2a, 0x39, 0x2a, 0x39, 0x2a, 0x39, 0x2a, 0x39, 0x2a, 0x39, 0x2a, 0x39, 0x2a, 0x39,
  0x2a, 0x39, 0x2a, 0x39, 0x2a, 0x39, 0x2a, 0x39, 0x2a, 0x39, 0x2a, 0x39, 0x2a, 0x39, 0x2a, 0x39,
  0x2a, 0x39, 0x2a, 0x39, 0x2a, 0x39, 0x2a, 0x39, 0x2a, 0x39, 0x2a, 0x39, 0x2a, 0x39, 0x2a, 0x39,
  0x2a, 0x39, 0x2a, 0x39, 0x2a, 0x39, 0x2a, 0x39, 0x2a, 0x39, 0x2a, 0x39, 0x2a, 0x39, 0x2a, 0x39,
  0x2a, 0x39, 0x2a, 0x39, 0x2a, 0x39, 0x2a, 0x39, 0x2a, 0x39, 0x2a, 0x39, 0x2a, 0x39, 0x2a, 0x39,
  0x2a, 0x39, 0x2a, 0x39, 0x2a, 0x39, 0x2a, 0x39, 0x2a, 0x39, 0x2a, 0x39, 0x2a, 0x39, 0x2a, 0x39,
  0x2a, 0x39, 0x2a, 0x39, 0x2a, 0x39, 0x2a, 0x39, 0x2a, 0x39, 0x2a, 0x39, 0x2a, 0x39, 0x2a, 0x39,
  0x2a, 0x39, 0x2a, 0x39, 0x2a, 0x39, 0x2a, 0x39, 0x2a, 0x39, 0x2a, 0x39, 0x2a, 0x39, 0x2a, 0x39,
  0x2a, 0x39, 0x2a, 0x39, 0x2a, 0x39, 0x2a, 0x39, 0x2a, 0x39, 0x2a, 0x39, 0x2a, 0x39, 0x2a, 0x39,
  0x2a, 0x39, 0x2a, 0x39, 0x2a, 0x39, 0x2a, 0x39, 0x2a, 0x39, 0x2a, 0x39, 0x2a, 0x39, 0x2a, 0x39,
  0x2a, 0x39, 0x2a, 0x39, 0x2a, 0x39, 0x2a, 0x39, 0x2a, 0x39, 0x2a, 0x39, 0x2a, 0x39, 0x2a, 0x39,
  0x2a, 0x39, 0x2a, 0x39, 0x2a, 0x39, 0x2a, 0x39, 0x2a, 0x39, 0x2a, 0x39, 0x2a, 0x39, 0x2a, 0x39,
  0x2a, 0x39, 0x2a, 0x39, 0x2a, 0x39, 0x2a, 0x39, 0x2a, 0x39, 0x2a, 0x39, 0x2a, 0x39, 0x2a, 0x39,
  0x2a, 0x39, 0x2a, 0x39, 0x2a, 0x39, 0x2a, 0x39, 0x2a, 0x39, 0x2a, 0x39, 0x2a, 0x39, 0x2a, 0x39,
  0x2a, 0x39, 0x2a, 0x39, 0x2a, 0x39, 0x2a, 0x39, 0x2a, 0x39, 0x2a, 0x39, 0x2a, 0x39, 0x2a, 0x39,
  0x2a, 0x39, 0x2a, 0x39, 0x2a, 0x39, 0x2a, 0x39, 0x2a, 0x39, 0x2a, 0x39, 0x2a, 0x39, 0x2a, 0x39,
  0x2a, 0x39, 0x2a, 0x39, 0x2a, 0x39, 0x2a, 0x39, 0x2a, 0x39, 0x2a, 0x39, 0x2a, 0x39, 0x2a, 0x39,
  0x2a, 0x39, 0x2a, 0x39, 0x2a, 0x39, 0x2a, 0x39, 0x2a, 0x39, 0x2a, 0x39, 0x2a, 0x39, 0x2a, 0x39,
  0x2a, 0x39, 0x2a, 0x39, 0x2a, 0x39, 0x2a, 0x39, 0x2a, 0x39, 0x2a, 0x39, 0x2a, 0x39, 0x2a, 0x39,
  0x2a, 0x39, 0x2a, 0x39, 0x2a, 0x39, 0x2a, 0x39, 0x2a, 0x39, 0x2a, 0x39, 0x2a, 0x39, 0x2a, 0x39,
  0x2a, 0x39, 0x2a, 0x39, 0x2a, 0x39, 0x2a, 0x39, 0x2a, 0x39, 0x2a, 0x39, 0x2a, 0x39, 0x2a, 0x39,
  0x2a, 0x39, 0x2a, 0x39, 0x2a, 0x39, 0x2a, 0x39, 0x2a, 0x39, 0x2a, 0x39, 0x2a, 0x39, 0x2a, 0x39,
  0x2a, 0x39, 0x2a, 0x39, 0x2a, 0x39, 0x2a, 0x39, 0x2a, 0x39, 0x2a, 0x39, 0x2a, 0x39, 0x2a, 0x39,
  0x2a, 0x39, 0x2a, 0x39, 0x2a, 0x39, 0x2a, 0x39, 0x2a, 0x39, 0x2a, 0x39, 0x2a, 0x39, 0x2a, 0x39,
  0x2a, 0x39, 0x2a, 0x39, 0x2a, 0x39, 0x2a, 0x39, 0x2a, 0x39, 0x2a, 0x39, 0x2a, 0x39, 0x2a, 0x39,
  0x2a, 0x39, 0x2a, 0x39, 0x2a, 0x39, 0x2a, 0x39, 0x2a, 0x39, 0x2a, 0x39, 0x2a, 0x39, 0x2a, 0x39,
  0x4a, 0x39, 0x4a, 0x39, 0x4a, 0x39, 0x4a, 0x39, 0x4a, 0x39, 0x4a, 0x39, 0x4a, 0x39, 0x4a, 0x39,
  0x4a, 0x39, 0x4a, 0x39, 0x4a, 0x39, 0x4a, 0x39, 0x4a, 0x39, 0x4a, 0x39, 0x4a, 0x39, 0x4a, 0x39,
  0x4a, 0x39, 0x4a, 0x39, 0x4a, 0x39, 0x4a, 0x39, 0x4a, 0x39, 0x4a, 0x39, 0x4a, 0x39, 0x4a, 0x39,
  0x4a, 0x39, 0x4a, 0x39, 0x4a, 0x39, 0x4a, 0x39, 0x4a, 0x39, 0x4a, 0x39, 0x4a, 0x39, 0x4a, 0x39,
  0x4a, 0x39, 0x4a, 0x39, 0x4a, 0x39, 0x4a, 0x39, 0x4a, 0x39, 0x4a, 0x39, 0x4a, 0x39, 0x4a, 0x39,
  0x4a, 0x39, 0x4a, 0x39, 0x4a, 0x39, 0x4a, 0x39, 0x4a, 0x39, 0x4a, 0x39, 0x4a, 0x39, 0x4a, 0x39,
  0x4a, 0x39, 0x4a, 0x39, 0x4a, 0x39, 0x4a, 0x39, 0x4a, 0x39, 0x4a, 0x39, 0x4a, 0x39, 0x4a, 0x39,
  0x4a, 0x39, 0x4a, 0x39, 0x4a, 0x39, 0x4a, 0x39, 0x4a, 0x39, 0x4a, 0x39, 0x4a, 0x39, 0x4a, 0x39,
  0x4a, 0x39, 0x4a, 0x39, 0x4a, 0x39, 0x4a, 0x39, 0x4a, 0x39, 0x4a, 0x39, 0x4a, 0x39, 0x4a, 0x39,
  0x4a, 0x39, 0x4a, 0x39, 0x4a, 0x39, 0x4a, 0x39, 0x4a, 0x39, 0x4a, 0x39, 0x4a, 0x39, 0x4a, 0x39,
  0x4a, 0x39, 0x4a, 0x39, 0x4a, 0x39, 0x4a, 0x39, 0x4a, 0x39, 0x4a, 0x39, 0x4a, 0x39, 0x4a, 0x39,
  0x4a, 0x39, 0x4a, 0x39, 0x4a, 0x39, 0x4a, 0x39, 0x4a, 0x39, 0x4a, 0x39, 0x4a, 0x39, 0x4a, 0x39,
  0x4a, 0x39, 0x4a, 0x39, 0x4a, 0x39, 0x4a, 0x39, 0x4a, 0x39, 0x4a, 0x39, 0x4a, 0x39, 0x4a, 0x39,
  0x4a, 0x39, 0x4a, 0x39, 0x4a, 0x39, 0x4a, 0x39, 0x4a, 0x39, 0x4a, 0x39, 0x4a, 0x39, 0x4a, 0x39,
  0x4a, 0x39, 0x4a, 0x39, 0x4a, 0x39, 0x4a, 0x39, 0x4a, 0x39, 0x4a, 0x39, 0x4a, 0x39, 0x4a, 0x39,
  0x4a, 0x39, 0x4a, 0x39, 0x4a, 0x39, 0x4a, 0x39, 0x4a, 0x39, 0x4a, 0x39, 0x4a, 0x39, 0x4a, 0x39,
  0x4a, 0x41, 0x4a, 0x41, 0x4a, 0x41, 0x4a, 0x41, 0x4a, 0x41, 0x4a, 0x41, 0x4a, 0x41, 0x4a, 0x41,
  0x4a, 0x41, 0x4a, 0x41, 0x4a, 0x41, 0x4a, 0x41, 0x4a, 0x41, 0x4a, 0x41, 0x4a, 0x41, 0x4a, 0x41,
  0x4a, 0x41, 0x4a, 0x41, 0x4a, 0x41, 0x4a, 0x41, 0x4a, 0x41, 0x4a, 0x41, 0x4a, 0x41, 0x4a, 0x41,
  0x4a, 0x41, 0x4a, 0x41, 0x4a, 0x41, 0x4a, 0x41, 0x4a, 0x41, 0x4a, 0x41, 0x4a, 0x41, 0x4a, 0x41,
  0x4a, 0x41, 0x4a, 0x41, 0x4a, 0x41, 0x4a, 0x41, 0x4a, 0x41, 0x4a, 0x41, 0x4a, 0x41, 0x4a, 0x41,
  0x4a, 0x41, 0x4a, 0x41, 0x4a, 0x41, 0x4a, 0x41, 0x4a, 0x41, 0x4a, 0x41, 0x4a, 0x41, 0x4a, 0x41,
  0x4a, 0x41, 0x4a, 0x41, 0x4a, 0x41, 0x4a, 0x41, 0x4a, 0x41, 0x4a, 0x41, 0x4a, 0x41, 0x4a, 0x41,
  0x4a, 0x41, 0x4a, 0x41, 0x4a, 0x41, 0x4a, 0x41, 0x4a, 0x41, 0x4a, 0x41, 0x4a, 0x41, 0x4a, 0x41,
  0x4a, 0x41, 0x4a, 0x41, 0x4a, 0x41, 0x4a, 0x41, 0x4a, 0x41, 0x4a, 0x41, 0x4a, 0x41, 0x4a, 0x41,
  0x4a, 0x41, 0x4a, 0x41, 0x4a, 0x41, 0x4a, 0x41, 0x4a, 0x41, 0x4a, 0x41, 0x4a, 0x41, 0x4a, 0x41,
  0x4a, 0x41, 0x4a, 0x41, 0x4a, 0x41, 0x4a, 0x41, 0x4a, 0x41, 0x4a, 0x41, 0x4a, 0x41, 0x4a, 0x41,
  0x4a, 0x41, 0x4a, 0x41, 0x4a, 0x41, 0x4a, 0x41, 0x4a, 0x41, 0x4a, 0x41, 0x4a, 0x41, 0x4a, 0x41,
  0x4a, 0x41, 0x4a, 0x41, 0x4a, 0x41, 0x4a, 0x41, 0x4a, 0x41, 0x4a, 0x41, 0x4a, 0x41, 0x4a, 0x41,
  0x4a, 0x41, 0x4a, 0x41, 0x4a, 0x41, 0x4a, 0x41, 0x4a, 0x41, 0x4a, 0x41, 0x4a, 0x41, 0x4a, 0x41,
  0x4a, 0x41, 0x4a, 0x41, 0x4a, 0x41, 0x4a, 0x41, 0x4a, 0x41, 0x4a, 0x41, 0x4a, 0x41, 0x4a, 0x41,
  0x4a, 0x41, 0x4a, 0x41, 0x4a, 0x41, 0x4a, 0x41, 0x4a, 0x41, 0x4a, 0x41, 0x4a, 0x41, 0x4a, 0x41,
  0x4a, 0x41, 0x4a, 0x41, 0x4a, 0x41, 0x4a, 0x41, 0x4a, 0x41, 0x4a, 0x41, 0x4a, 0x41, 0x4a, 0x41,
  0x4a, 0x41, 0x4a, 0x41, 0x4a, 0x41, 0x4a, 0x41, 0x4a, 0x41, 0x4a, 0x41, 0x4a, 0x41, 0x4a, 0x41,
  0x4a, 0x41, 0x4a, 0x41, 0x4a, 0x41, 0x4a, 0x41, 0x4a, 0x41, 0x4a, 0x41, 0x4a, 0x41, 0x4a, 0x41,
  0x4a, 0x41, 0x4a, 0x41, 0x4a, 0x41, 0x4a, 0x41, 0x4a, 0x41, 0x4a, 0x41, 0x4a, 0x41, 0x4a, 0x41,
  0x4a, 0x41, 0x4a, 0x41, 0x4a, 0x41, 0x4a, 0x41, 0x4a, 0x41, 0x4a, 0x41, 0x4a, 0x41, 0x4a, 0x41,
  0x4a, 0x41, 0x4a, 0x41, 0x4a, 0x41, 0x4a, 0x41, 0x4a, 0x41, 0x4a, 0x41, 0x4a, 0x41, 0x4a, 0x41,
  0x4a, 0x41, 0x4a, 0x41, 0x4a, 0x41, 0x4a, 0x41, 0x4a, 0x41, 0x4a, 0x41, 0x4a, 0x41, 0x4a, 0x41,
  0x4a, 0x41, 0x4a, 0x41, 0x4a, 0x41, 0x4a, 0x41, 0x4a, 0x41, 0x4a, 0x41, 0x4a, 0x41, 0x4a, 0x41,
  0x4a, 0x41, 0x4a, 0x41, 0x4a, 0x41, 0x4a, 0x41, 0x4a, 0x41, 0x4a, 0x41, 0x4a, 0x41, 0x4a, 0x41,
  0x4a, 0x41, 0x4a, 0x41, 0x4a, 0x41, 0x4a, 0x41, 0x4a, 0x41, 0x4a, 0x41, 0x4a, 0x41, 0x4a, 0x41,
  0x4a, 0x41, 0x4a, 0x41, 0x4a, 0x41, 0x4a, 0x41, 0x4a, 0x41, 0x4a, 0x41, 0x4a, 0x41, 0x4a, 0x41,
  0x4a, 0x41, 0x4a, 0x41, 0x4a, 0x41, 0x4a, 0x41, 0x4a, 0x41, 0x4a, 0x41, 0x4a, 0x41, 0x4a, 0x41,
  0x4a, 0x41, 0x4a, 0x41, 0x4a, 0x41, 0x4a, 0x41, 0x4a, 0x41, 0x4a, 0x41, 0x4a, 0x41, 0x4a, 0x41,
  0x4a, 0x41, 0x4a, 0x41, 0x4a, 0x41, 0x4a, 0x41, 0x4a, 0x41, 0x4a, 0x41, 0x4a, 0x41, 0x4a, 0x41,
  0x4a, 0x41, 0x4a, 0x41, 0x4a, 0x41, 0x4a, 0x41, 0x4a, 0x41, 0x4a, 0x41, 0x4a, 0x41, 0x4a, 0x41,
  0x4a, 0x41, 0x4a, 0x41, 0x4a, 0x41, 0x4a, 0x41, 0x4a, 0x41, 0x4a, 0x41, 0x4a, 0x41, 0x4a, 0x41,
  0x6a, 0x41, 0x6a, 0x41, 0x6a, 0x41, 0x6a, 0x41, 0x6a, 0x41, 0x6a, 0x41, 0x6a, 0x41, 0x6a, 0x41,
  0x6a, 0x41, 0x6a, 0x41, 0x6a, 0x41, 0x6a, 0x41, 0x6a, 0x41, 0x6a, 0x41, 0x6a, 0x41, 0x6a, 0x41,
  0x6a, 0x41, 0x6a, 0x41, 0x6a, 0x41, 0x6a, 0x41, 0x6a, 0x41, 0x6a, 0x41, 0x6a, 0x41, 0x6a, 0x41,
  0x6a, 0x41, 0x6a, 0x41, 0x6a, 0x41, 0x6a, 0x41, 0x6a, 0x41, 0x6a, 0x41, 0x6a, 0x41, 0x6a, 0x41,
  0x6a, 0x41, 0x6a, 0x41, 0x6a, 0x41, 0x6a, 0x41, 0x6a, 0x41, 0x6a, 0x41, 0x6a, 0x41, 0x6a, 0x41,
  0x6a, 0x41, 0x6a, 0x41, 0x6a, 0x41, 0x6a, 0x41, 0x6a, 0x41, 0x6a, 0x41, 0x6a, 0x41, 0x6a, 0x41,
  0x6a, 0x41, 0x6a, 0x41, 0x6a, 0x41, 0x6a, 0x41, 0x6a, 0x41, 0x6a, 0x41, 0x6a, 0x41, 0x6a, 0x41,
  0x6a, 0x41, 0x6a, 0x41, 0x6a, 0x41, 0x6a, 0x41, 0x6a, 0x41, 0x6a, 0x41, 0x6a, 0x41, 0x6a, 0x41,
  0x6a, 0x41, 0x6a, 0x41, 0x6a, 0x41, 0x6a, 0x41, 0x6a, 0x41, 0x6a, 0x41, 0x6a, 0x41, 0x6a, 0x41,
  0x6a, 0x41, 0x6a, 0x41, 0x6a, 0x41, 0x6a, 0x41, 0x6a, 0x41, 0x6a, 0x41, 0x6a, 0x41, 0x6a, 0x41,
  0x6a, 0x41, 0x6a, 0x41, 0x6a, 0x41, 0x6a, 0x41, 0x6a, 0x41, 0x6a, 0x41, 0x6a, 0x41, 0x6a, 0x41,
  0x6a, 0x41, 0x6a, 0x41, 0x6a, 0x41, 0x6a, 0x41, 0x6a, 0x41, 0x6a, 0x41, 0x6a, 0x41, 0x6a, 0x41,
  0x6a, 0x41, 0x6a, 0x41, 0x6a, 0x41, 0x6a, 0x41, 0x6a, 0x41, 0x6a, 0x41, 0x6a, 0x41, 0x6a, 0x41,
  0x6a, 0x41, 0x6a, 0x41, 0x6a, 0x41, 0x6a, 0x41, 0x6a, 0x41, 0x6a, 0x41, 0x6a, 0x41, 0x6a, 0x41,
  0x6a, 0x41, 0x6a, 0x41, 0x6a, 0x41, 0x6a, 0x41, 0x6a, 0x41, 0x6a, 0x41, 0x6a, 0x41, 0x6a, 0x41,
  0x6a, 0x41, 0x6a, 0x41, 0x6a, 0x41, 0x6a, 0x41, 0x6a, 0x41, 0x6a, 0x41, 0x6a, 0x41, 0x6a, 0x41,
  0x6a, 0x49, 0x6a, 0x49, 0x6a, 0x49, 0x6a, 0x49, 0x6a, 0x49, 0x6a, 0x49, 0x6a, 0x49, 0x6a, 0x49,
  0x6a, 0x49, 0x6a, 0x49, 0x6a, 0x49, 0x6a, 0x49, 0x6a, 0x49, 0x6a, 0x49, 0x6a, 0x49, 0x6a, 0x49,
  0x6a, 0x49, 0x6a, 0x49, 0x6a, 0x49, 0x6a, 0x49, 0x6a, 0x49, 0x6a, 0x49, 0x6a, 0x49, 0x6a, 0x49,
  0x6a, 0x49, 0x6a, 0x49, 0x6a, 0x49, 0x6a, 0x49, 0x6a, 0x49, 0x6a, 0x49, 0x6a, 0x49, 0x6a, 0x49,
  0x6a, 0x49, 0x6a, 0x49, 0x6a, 0x49, 0x6a, 0x49, 0x6a, 0x49, 0x6a, 0x49, 0x6a, 0x49, 0x6a, 0x49,
  0x6a, 0x49, 0x6a, 0x49, 0x6a, 0x49, 0x6a, 0x49, 0x6a, 0x49, 0x6a, 0x49, 0x6a, 0x49, 0x6a, 0x49,
  0x6a, 0x49, 0x6a, 0x49, 0x6a, 0x49, 0x6a, 0x49, 0x6a, 0x49, 0x6a, 0x49, 0x6a, 0x49, 0x6a, 0x49,
  0x6a, 0x49, 0x6a, 0x49, 0x6a, 0x49, 0x6a, 0x49, 0x6a, 0x49, 0x6a, 0x49, 0x6a, 0x49, 0x6a, 0x49,
  0x6a, 0x49, 0x6a, 0x49, 0x6a, 0x49, 0x6a, 0x49, 0x6a, 0x49, 0x6a, 0x49, 0x6a, 0x49, 0x6a, 0x49,
  0x6a, 0x49, 0x6a, 0x49, 0x6a, 0x49, 0x6a, 0x49, 0x6a, 0x49, 0x6a, 0x49, 0x6a, 0x49, 0x6a, 0x49,
  0x6a, 0x49, 0x6a, 0x49, 0x6a, 0x49, 0x6a, 0x49, 0x6a, 0x49, 0x6a, 0x49, 0x6a, 0x49, 0x6a, 0x49,
  0x6a, 0x49, 0x6a, 0x49, 0x6a, 0x49, 0x6a, 0x49, 0x6a, 0x49, 0x6a, 0x49, 0x6a, 0x49, 0x6a, 0x49,
  0x6a, 0x49, 0x6a, 0x49, 0x6a, 0x49, 0x6a, 0x49, 0x6a, 0x49, 0x6a, 0x49, 0x6a, 0x49, 0x6a, 0x49,
  0x6a, 0x49, 0x6a, 0x49, 0x6a, 0x49, 0x6a, 0x49, 0x6a, 0x49, 0x6a, 0x49, 0x6a, 0x49, 0x6a, 0x49,
  0x6a, 0x49, 0x6a, 0x49, 0x6a, 0x49, 0x6a, 0x49, 0x6a, 0x49, 0x6a, 0x49, 0x6a, 0x49, 0x6a, 0x49,
  0x6a, 0x49, 0x6a, 0x49, 0x6a, 0x49, 0x6a, 0x49, 0x6a, 0x49, 0x6a, 0x49, 0x6a, 0x49, 0x6a, 0x49,
  0x8a, 0x49, 0x8a, 0x49, 0x8a, 0x49, 0x8a, 0x49, 0x8a, 0x49, 0x8a, 0x49, 0x8a, 0x49, 0x8a, 0x49,
  0x8a, 0x49, 0x8a, 0x49, 0x8a, 0x49, 0x8a, 0x49, 0x8a, 0x49, 0x8a, 0x49, 0x8a, 0x49, 0x8a, 0x49,
  0x8a, 0x49, 0x8a, 0x49, 0x8a, 0x49, 0x8a, 0x49, 0x8a, 0x49, 0x8a, 0x49, 0x8a, 0x49, 0x8a, 0x49,
  0x8a, 0x49, 0x8a, 0x49, 0x8a, 0x49, 0x8a, 0x49, 0x8a, 0x49, 0x8a, 0x49, 0x8a, 0x49, 0x8a, 0x49,
  0x8a, 0x49, 0x8a, 0x49, 0x8a, 0x49, 0x8a, 0x49, 0x8a, 0x49, 0x8a, 0x49, 0x8a, 0x49, 0x8a, 0x49,
  0x8a, 0x49, 0x8a, 0x49, 0x8a, 0x49, 0x8a, 0x49, 0x8a, 0x49, 0x8a, 0x49, 0x8a, 0x49, 0x8a, 0x49,
  0x8a, 0x49, 0x8a, 0x49, 0x8a, 0x49, 0x8a, 0x49, 0x8a, 0x49, 0x8a, 0x49, 0x8a, 0x49, 0x8a, 0x49,
  0x8a, 0x49, 0x8a, 0x49, 0x8a, 0x49, 0x8a, 0x49, 0x8a, 0x49, 0x8a, 0x49, 0x8a, 0x49, 0x8a, 0x49,
  0x8a, 0x49, 0x8a, 0x49, 0x8a, 0x49, 0x8a, 0x49, 0x8a, 0x49, 0x8a, 0x49, 0x8a, 0x49, 0x8a, 0x49,
  0x8a, 0x49, 0x8a, 0x49, 0x8a, 0x49, 0x8a, 0x49, 0x8a, 0x49, 0x8a, 0x49, 0x8a, 0x49, 0x8a, 0x49,
  0x8a, 0x49, 0x8a, 0x49, 0x8a, 0x49, 0x8a, 0x49, 0x8a, 0x49, 0x8a, 0x49, 0x8a, 0x49, 0x8a, 0x49,
  0x8a, 0x49, 0x8a, 0x49, 0x8a, 0x49, 0x8a, 0x49, 0x8a, 0x49, 0x8a, 0x49, 0x8a, 0x49, 0x8a, 0x49,
  0x8a, 0x49, 0x8a, 0x49, 0x8a, 0x49, 0x8a, 0x49, 0x8a, 0x49, 0x8a, 0x49, 0x8a, 0x49, 0x8a, 0x49,
  0x8a, 0x49, 0x8a, 0x49, 0x8a, 0x49, 0x8a, 0x49, 0x8a, 0x49, 0x8a, 0x49, 0x8a, 0x49, 0x8a, 0x49,
  0x8a, 0x49, 0x8a, 0x49, 0x8a, 0x49, 0x8a, 0x49, 0x8a, 0x49, 0x8a, 0x49, 0x8a, 0x49, 0x8a, 0x49,
  0x8a, 0x49, 0x8a, 0x49, 0x8a, 0x49, 0x8a, 0x49, 0x8a, 0x49, 0x8a, 0x49, 0x8a, 0x49, 0x8a, 0x49,
  0x89, 0x49, 0x89, 0x49, 0x89, 0x49, 0x89, 0x49, 0x89, 0x49, 0x89, 0x49, 0x89, 0x49, 0x89, 0x49,
  0x89, 0x49, 0x89, 0x49, 0x89, 0x49, 0x89, 0x49, 0x89, 0x49, 0x89, 0x49, 0x89, 0x49, 0x89, 0x49,
  0x89, 0x49, 0x89, 0x49, 0x89, 0x49, 0x89, 0x49, 0x89, 0x49, 0x89, 0x49, 0x89, 0x49, 0x89, 0x49,
  0x89, 0x49, 0x89, 0x49, 0x89, 0x49, 0x89, 0x49, 0x89, 0x49, 0x89, 0x49, 0x89, 0x49, 0x89, 0x49,
  0x89, 0x49, 0x89, 0x49, 0x89, 0x49, 0x89, 0x49, 0x89, 0x49, 0x89, 0x49, 0x89, 0x49, 0x89, 0x49,
  0x89, 0x49, 0x89, 0x49, 0x89, 0x49, 0x89, 0x49, 0x89, 0x49, 0x89, 0x49, 0x89, 0x49, 0x89, 0x49,
  0x89, 0x49, 0x89, 0x49, 0x89, 0x49, 0x89, 0x49, 0x89, 0x49, 0x89, 0x49, 0x89, 0x49, 0x89, 0x49,
  0x89, 0x49, 0x89, 0x49, 0x89, 0x49, 0x89, 0x49, 0x89, 0x49, 0x89, 0x49, 0x89, 0x49, 0x89, 0x49,
  0x89, 0x49, 0x89, 0x49, 0x89, 0x49, 0x89, 0x49, 0x89, 0x49, 0x89, 0x49, 0x89, 0x49, 0x89, 0x49,
  0x89, 0x49, 0x89, 0x49, 0x89, 0x49, 0x89, 0x49, 0x89, 0x49, 0x89, 0x49, 0x89, 0x49, 0x89, 0x49,
  0x89, 0x49, 0x89, 0x49, 0x89, 0x49, 0x89, 0x49, 0x89, 0x49, 0x89, 0x49, 0x89, 0x49, 0x89, 0x49,
  0x89, 0x49, 0x89, 0x49, 0x89, 0x49, 0x89, 0x49, 0x89, 0x49, 0x89, 0x49, 0x89, 0x49, 0x89, 0x49,
  0x89, 0x49, 0x89, 0x49, 0x89, 0x49, 0x89, 0x49, 0x89, 0x49, 0x89, 0x49, 0x89, 0x49, 0x89, 0x49,
  0x89, 0x49, 0x89, 0x49, 0x89, 0x49, 0x89, 0x49, 0x89, 0x49, 0x89, 0x49, 0x89, 0x49, 0x89, 0x49,
  0x89, 0x49, 0x89, 0x49, 0x89, 0x49, 0x89, 0x49, 0x89, 0x49, 0x89, 0x49, 0x89, 0x49, 0x89, 0x49,
  0x89, 0x49, 0x89, 0x49, 0x89, 0x49, 0x89, 0x49, 0x89, 0x49, 0x89, 0x49, 0x89, 0x49, 0x89, 0x49,
  0x89, 0x51, 0x89, 0x51, 0x89, 0x51, 0x89, 0x51, 0x89, 0x51, 0x89, 0x51, 0x89, 0x51, 0x89, 0x51,
  0x89, 0x51, 0x89, 0x51, 0x89, 0x51, 0x89, 0x51, 0x89, 0x51, 0x89, 0x51, 0x89, 0x51, 0x89, 0x51,
  0x89, 0x51, 0x89, 0x51, 0x89, 0x51, 0x89, 0x51, 0x89, 0x51, 0x89, 0x51, 0x89, 0x51, 0x89, 0x51,
  0x89, 0x51, 0x89, 0x51, 0x89, 0x51, 0x89, 0x51, 0x89, 0x51, 0x89, 0x51, 0x89, 0x51, 0x89, 0x51,
  0x89, 0x51, 0x89, 0x51, 0x89, 0x51, 0x89, 0x51, 0x89, 0x51, 0x89, 0x51, 0x89, 0x51, 0x89, 0x51,
  0x89, 0x51, 0x89, 0x51, 0x89, 0x51, 0x89, 0x51, 0x89, 0x51, 0x89, 0x51, 0x89, 0x51, 0x89, 0x51,
  0x89, 0x51, 0x89, 0x51, 0x89, 0x51, 0x89, 0x51, 0x89, 0x51, 0x89, 0x51, 0x89, 0x51, 0x89, 0x51,
  0x89, 0x51, 0x89, 0x51, 0x89, 0x51, 0x89, 0x51, 0x89, 0x51, 0x89, 0x51, 0x89, 0x51, 0x89, 0x51,
  0x89, 0x51, 0x89, 0x51, 0x89, 0x51, 0x89, 0x51, 0x89, 0x51, 0x89, 0x51, 0x89, 0x51, 0x89, 0x51,
  0x89, 0x51, 0x89, 0x51, 0x89, 0x51, 0x89, 0x51, 0x89, 0x51, 0x89, 0x51, 0x89, 0x51, 0x89, 0x51,
  0x89, 0x51, 0x89, 0x51, 0x89, 0x51, 0x89, 0x51, 0x89, 0x51, 0x89, 0x51, 0x89, 0x51, 0x89, 0x51,
  0x89, 0x51, 0x89, 0x51, 0x89, 0x51, 0x89, 0x51, 0x89, 0x51, 0x89, 0x51, 0x89, 0x51, 0x89, 0x51,
  0x89, 0x51, 0x89, 0x51, 0x89, 0x51, 0x89, 0x51, 0x89, 0x51, 0x89, 0x51, 0x89, 0x51, 0x89, 0x51,
  0x89, 0x51, 0x89, 0x51, 0x89, 0x51, 0x89, 0x51, 0x89, 0x51, 0x89, 0x51, 0x89, 0x51, 0x89, 0x51,
  0x89, 0x51, 0x89, 0x51, 0x89, 0x51, 0x89, 0x51, 0x89, 0x51, 0x89, 0x51, 0x89, 0x51, 0x89, 0x51,
  0x89, 0x51, 0x89, 0x51, 0x89, 0x51, 0x89, 0x51, 0x89, 0x51, 0x89, 0x51, 0x89, 0x51, 0x89, 0x51,
  0xa9, 0x51, 0xa9, 0x51, 0xa9, 0x51, 0xa9, 0x51, 0xa9, 0x51, 0xa9, 0x51, 0xa9, 0x51, 0xa9, 0x51,
  0xa9, 0x51, 0xa9, 0x51, 0xa9, 0x51, 0xa9, 0x51, 0xa9, 0x51, 0xa9, 0x51, 0xa9, 0x51, 0xa9, 0x51,
  0xa9, 0x51, 0xa9, 0x51, 0xa9, 0x51, 0xa9, 0x51, 0xa9, 0x51, 0xa9, 0x51, 0xa9, 0x51, 0xa9, 0x51,
  0xa9, 0x51, 0xa9, 0x51, 0xa9, 0x51, 0xa9, 0x51, 0xa9, 0x51, 0xa9, 0x51, 0xa9, 0x51, 0xa9, 0x51,
  0xa9, 0x51, 0xa9, 0x51, 0xa9, 0x51, 0xa9, 0x51, 0xa9, 0x51, 0xa9, 0x51, 0xa9, 0x51, 0xa9, 0x51,
  0xa9, 0x51, 0xa9, 0x51, 0xa9, 0x51, 0xa9, 0x51, 0xa9, 0x51, 0xa9, 0x51, 0xa9, 0x51, 0xa9, 0x51,
  0xa9, 0x51, 0xa9, 0x51, 0xa9, 0x51, 0xa9, 0x51, 0xa9, 0x51, 0xa9, 0x51, 0xa9, 0x51, 0xa9, 0x51,
  0xa9, 0x51, 0xa9, 0x51, 0xa9, 0x51, 0xa9, 0x51, 0xa9, 0x51, 0xa9, 0x51, 0xa9, 0x51, 0xa9, 0x51,
  0xa9, 0x51, 0xa9, 0x51, 0xa9, 0x51, 0xa9, 0x51, 0xa9, 0x51, 0xa9, 0x51, 0xa9, 0x51, 0xa9, 0x51,
  0xa9, 0x51, 0xa9, 0x51, 0xa9, 0x51, 0xa9, 0x51, 0xa9, 0x51, 0xa9, 0x51, 0xa9, 0x51, 0xa9, 0x51,
  0xa9, 0x51, 0xa9, 0x51, 0xa9, 0x51, 0xa9, 0x51, 0xa9, 0x51, 0xa9, 0x51, 0xa9, 0x51, 0xa9, 0x51,
  0xa9, 0x51, 0xa9, 0x51, 0xa9, 0x51, 0xa9, 0x51, 0xa9, 0x51, 0xa9, 0x51, 0xa9, 0x51, 0xa9, 0x51,
  0xa9, 0x51, 0xa9, 0x51, 0xa9, 0x51, 0xa9, 0x51, 0xa9, 0x51, 0xa9, 0x51, 0xa9, 0x51, 0xa9, 0x51,
  0xa9, 0x51, 0xa9, 0x51, 0xa9, 0x51, 0xa9, 0x51, 0xa9, 0x51, 0xa9, 0x51, 0xa9, 0x51, 0xa9, 0x51,
  0xa9, 0x51, 0xa9, 0x51, 0xa9, 0x51, 0xa9, 0x51, 0xa9, 0x51, 0xa9, 0x51, 0xa9, 0x51, 0xa9, 0x51,
  0xa9, 0x51, 0xa9, 0x51, 0xa9, 0x51, 0xa9, 0x51, 0xa9, 0x51, 0xa9, 0x51, 0xa9, 0x51, 0xa9, 0x51,
  0xa9, 0x51, 0xa9, 0x51, 0xa9, 0x51, 0xa9, 0x51, 0xa9, 0x51, 0xa9, 0x51, 0xa9, 0x51, 0xa9, 0x51,
  0xa9, 0x51, 0xa9, 0x51, 0xa9, 0x51, 0xa9, 0x51, 0xa9, 0x51, 0xa9, 0x51, 0xa9, 0x51, 0xa9, 0x51,
  0xa9, 0x51, 0xa9, 0x51, 0xa9, 0x51, 0xa9, 0x51, 0xa9, 0x51, 0xa9, 0x51, 0xa9, 0x51, 0xa9, 0x51,
  0xa9, 0x51, 0xa9, 0x51, 0xa9, 0x51, 0xa9, 0x51, 0xa9, 0x51, 0xa9, 0x51, 0xa9, 0x51, 0xa9, 0x51,
  0xa9, 0x51, 0xa9, 0x51, 0xa9, 0x51, 0xa9, 0x51, 0xa9, 0x51, 0xa9, 0x51, 0xa9, 0x51, 0xa9, 0x51,
  0xa9, 0x51, 0xa9, 0x51, 0xa9, 0x51, 0xa9, 0x51, 0xa9, 0x51, 0xa9, 0x51, 0xa9, 0x51, 0xa9, 0x51,
  0xa9, 0x51, 0xa9, 0x51, 0xa9, 0x51, 0xa9, 0x51, 0xa9, 0x51, 0xa9, 0x51, 0xa9, 0x51, 0xa9, 0x51,
  0xa9, 0x51, 0xa9, 0x51, 0xa9, 0x51, 0xa9, 0x51, 0xa9, 0x51, 0xa9, 0x51, 0xa9, 0x51, 0xa9, 0x51,
  0xa9, 0x51, 0xa9, 0x51, 0xa9, 0x51, 0xa9, 0x51, 0xa9, 0x51, 0xa9, 0x51, 0xa9, 0x51, 0xa9, 0x51,
  0xa9, 0x51, 0xa9, 0x51, 0xa9, 0x51, 0xa9, 0x51, 0xa9, 0x51, 0xa9, 0x51, 0xa9, 0x51, 0xa9, 0x51,
  0xa9, 0x51, 0xa9, 0x51, 0xa9, 0x51, 0xa9, 0x51, 0xa9, 0x51, 0xa9, 0x51, 0xa9, 0x51, 0xa9, 0x51,
  0xa9, 0x51, 0xa9, 0x51, 0xa9, 0x51, 0xa9, 0x51, 0xa9, 0x51, 0xa9, 0x51, 0xa9, 0x51, 0xa9, 0x51,
  0xa9, 0x51, 0xa9, 0x51, 0xa9, 0x51, 0xa9, 0x51, 0xa9, 0x51, 0xa9, 0x51, 0xa9, 0x51, 0xa9, 0x51,
  0xa9, 0x51, 0xa9, 0x51, 0xa9, 0x51, 0xa9, 0x51, 0xa9, 0x51, 0xa9, 0x51, 0xa9, 0x51, 0xa9, 0x51,
  0xa9, 0x51, 0xa9, 0x51, 0xa9, 0x51, 0xa9, 0x51, 0xa9, 0x51, 0xa9, 0x51, 0xa9, 0x51, 0xa9, 0x51,
  0xa9, 0x51, 0xa9, 0x51, 0xa9, 0x51, 0xa9, 0x51, 0xa9, 0x51, 0xa9, 0x51, 0xa9, 0x51, 0xa9, 0x51,
  0xa9, 0x59, 0xa9, 0x59, 0xa9, 0x59, 0xa9, 0x59, 0xa9, 0x59, 0xa9, 0x59, 0xa9, 0x59, 0xa9, 0x59,
  0xa9, 0x59, 0xa9, 0x59, 0xa9, 0x59, 0xa9, 0x59, 0xa9, 0x59, 0xa9, 0x59, 0xa9, 0x59, 0xa9, 0x59,
  0xa9, 0x59, 0xa9, 0x59, 0xa9, 0x59, 0xa9, 0x59, 0xa9, 0x59, 0xa9, 0x59, 0xa9, 0x59, 0xa9, 0x59,
  0xa9, 0x59, 0xa9, 0x59, 0xa9, 0x59, 0xa9, 0x59, 0xa9, 0x59, 0xa9, 0x59, 0xa9, 0x59, 0xa9, 0x59,
  0xa9, 0x59, 0xa9, 0x59, 0xa9, 0x59, 0xa9, 0x59, 0xa9, 0x59, 0xa9, 0x59, 0xa9, 0x59, 0xa9, 0x59,
  0xa9, 0x59, 0xa9, 0x59, 0xa9, 0x59, 0xa9, 0x59, 0xa9, 0x59, 0xa9, 0x59, 0xa9, 0x59, 0xa9, 0x59,
  0xa9, 0x59, 0xa9, 0x59, 0xa9, 0x59, 0xa9, 0x59, 0xa9, 0x59, 0xa9, 0x59, 0xa9, 0x59, 0xa9, 0x59,
  0xa9, 0x59, 0xa9, 0x59, 0xa9, 0x59, 0xa9, 0x59, 0xa9, 0x59, 0xa9, 0x59, 0xa9, 0x59, 0xa9, 0x59,
  0xa9, 0x59, 0xa9, 0x59, 0xa9, 0x59, 0xa9, 0x59, 0xa9, 0x59, 0xa9, 0x59, 0xa9, 0x59, 0xa9, 0x59,
  0xa9, 0x59, 0xa9, 0x59, 0xa9, 0x59, 0xa9, 0x59, 0xa9, 0x59, 0xa9, 0x59, 0xa9, 0x59, 0xa9, 0x59,
  0xa9, 0x59, 0xa9, 0x59, 0xa9, 0x59, 0xa9, 0x59, 0xa9, 0x59, 0xa9, 0x59, 0xa9, 0x59, 0xa9, 0x59,
  0xa9, 0x59, 0xa9, 0x59, 0xa9, 0x59, 0xa9, 0x59, 0xa9, 0x59, 0xa9, 0x59, 0xa9, 0x59, 0xa9, 0x59,
  0xa9, 0x59, 0xa9, 0x59, 0xa9, 0x59, 0xa9, 0x59, 0xa9, 0x59, 0xa9, 0x59, 0xa9, 0x59, 0xa9, 0x59,
  0xa9, 0x59, 0xa9, 0x59, 0xa9, 0x59, 0xa9, 0x59, 0xa9, 0x59, 0xa9, 0x59, 0xa9, 0x59, 0xa9, 0x59,
  0xa9, 0x59, 0xa9, 0x59, 0xa9, 0x59, 0xa9, 0x59, 0xa9, 0x59, 0xa9, 0x59, 0xa9, 0x59, 0xa9, 0x59,
  0xa9, 0x59, 0xa9, 0x59, 0xa9, 0x59, 0xa9, 0x59, 0xa9, 0x59, 0xa9, 0x59, 0xa9, 0x59, 0xa9, 0x59,
  0xc9, 0x59, 0xc9, 0x59, 0xc9, 0x59, 0xc9, 0x59, 0xc9, 0x59, 0xc9, 0x59, 0xc9, 0x59, 0xc9, 0x59,
  0xc9, 0x59, 0xc9, 0x59, 0xc9, 0x59, 0xc9, 0x59, 0xc9, 0x59, 0xc9, 0x59, 0xc9, 0x59, 0xc9, 0x59,
  0xc9, 0x59, 0xc9, 0x59, 0xc9, 0x59, 0xc9, 0x59, 0xc9, 0x59, 0xc9, 0x59, 0xc9, 0x59, 0xc9, 0x59,
  0xc9, 0x59, 0xc9, 0x59, 0xc9, 0x59, 0xc9, 0x59, 0xc9, 0x59, 0xc9, 0x59, 0xc9, 0x59, 0xc9, 0x59,
  0xc9, 0x59, 0xc9, 0x59, 0xc9, 0x59, 0xc9, 0x59, 0xc9, 0x59, 0xc9, 0x59, 0xc9, 0x59, 0xc9, 0x59,
  0xc9, 0x59, 0xc9, 0x59, 0xc9, 0x59, 0xc9, 0x59, 0xc9, 0x59, 0xc9, 0x59, 0xc9, 0x59, 0xc9, 0x59,
  0xc9, 0x59, 0xc9, 0x59, 0xc9, 0x59, 0xc9, 0x59, 0xc9, 0x59, 0xc9, 0x59, 0xc9, 0x59, 0xc9, 0x59,
  0xc9, 0x59, 0xc9, 0x59, 0xc9, 0x59, 0xc9, 0x59, 0xc9, 0x59, 0xc9, 0x59, 0xc9, 0x59, 0xc9, 0x59,
  0xc9, 0x59, 0xc9, 0x59, 0xc9, 0x59, 0xc9, 0x59, 0xc9, 0x59, 0xc9, 0x59, 0xc9, 0x59, 0xc9, 0x59,
  0xc9, 0x59, 0xc9, 0x59, 0xc9, 0x59, 0xc9, 0x59, 0xc9, 0x59, 0xc9, 0x59, 0xc9, 0x59, 0xc9, 0x59,
  0xc9, 0x59, 0xc9, 0x59, 0xc9, 0x59, 0xc9, 0x59, 0xc9, 0x59, 0xc9, 0x59, 0xc9, 0x59, 0xc9, 0x59,
  0xc9, 0x59, 0xc9, 0x59, 0xc9, 0x59, 0xc9, 0x59, 0xc9, 0x59, 0xc9, 0x59, 0xc9, 0x59, 0xc9, 0x59,
  0xc9, 0x59, 0xc9, 0x59, 0xc9, 0x59, 0xc9, 0x59, 0xc9, 0x59, 0xc9, 0x59, 0xc9, 0x59, 0xc9, 0x59,
  0xc9, 0x59, 0xc9, 0x59, 0xc9, 0x59, 0xc9, 0x59, 0xc9, 0x59, 0xc9, 0x59, 0xc9, 0x59, 0xc9, 0x59,
  0xc9, 0x59, 0xc9, 0x59, 0xc9, 0x59, 0xc9, 0x59, 0xc9, 0x59, 0xc9, 0x59, 0xc9, 0x59, 0xc9, 0x59,
  0xc9, 0x59, 0xc9, 0x59, 0xc9, 0x59, 0xc9, 0x59, 0xc9, 0x59, 0xc9, 0x59, 0xc9, 0x59, 0xc9, 0x59,
  0xc9, 0x59, 0xc9, 0x59, 0xc9, 0x59, 0xc9, 0x59, 0xc9, 0x59, 0xc9, 0x59, 0xc9, 0x59, 0xc9, 0x59,
  0xc9, 0x59, 0xc9, 0x59, 0xc9, 0x59, 0xc9, 0x59, 0xc9, 0x59, 0xc9, 0x59, 0xc9, 0x59, 0xc9, 0x59,
  0xc9, 0x59, 0xc9, 0x59, 0xc9, 0x59, 0xc9, 0x59, 0xc9, 0x59, 0xc9, 0x59, 0xc9, 0x59, 0xc9, 0x59,
  0xc9, 0x59, 0xc9, 0x59, 0xc9, 0x59, 0xc9, 0x59, 0xc9, 0x59, 0xc9, 0x59, 0xc9, 0x59, 0xc9, 0x59,
  0xc9, 0x59, 0xc9, 0x59, 0xc9, 0x59, 0xc9, 0x59, 0xc9, 0x59, 0xc9, 0x59, 0xc9, 0x59, 0xc9, 0x59,
  0xc9, 0x59, 0xc9, 0x59, 0xc9, 0x59, 0xc9, 0x59, 0xc9, 0x59, 0xc9, 0x59, 0xc9, 0x59, 0xc9, 0x59,
  0xc9, 0x59, 0xc9, 0x59, 0xc9, 0x59, 0xc9, 0x59, 0xc9, 0x59, 0xc9, 0x59, 0xc9, 0x59, 0xc9, 0x59,
  0xc9, 0x59, 0xc9, 0x59, 0xc9, 0x59, 0xc9, 0x59, 0xc9, 0x59, 0xc9, 0x59, 0xc9, 0x59, 0xc9, 0x59,
  0xc9, 0x59, 0xc9, 0x59, 0xc9, 0x59, 0xc9, 0x59, 0xc9, 0x59, 0xc9, 0x59, 0xc9, 0x59, 0xc9, 0x59,
  0xc9, 0x59, 0xc9, 0x59, 0xc9, 0x59, 0xc9, 0x59, 0xc9, 0x59, 0xc9, 0x59, 0xc9, 0x59, 0xc9, 0x59,
  0xc9, 0x59, 0xc9, 0x59, 0xc9, 0x59, 0xc9, 0x59, 0xc9, 0x59, 0xc9, 0x59, 0xc9, 0x59, 0xc9, 0x59,
  0xc9, 0x59, 0xc9, 0x59, 0xc9, 0x59, 0xc9, 0x59, 0xc9, 0x59, 0xc9, 0x59, 0xc9, 0x59, 0xc9, 0x59,
  0xc9, 0x59, 0xc9, 0x59, 0xc9, 0x59, 0xc9, 0x59, 0xc9, 0x59, 0xc9, 0x59, 0xc9, 0x59, 0xc9, 0x59,
  0xc9, 0x59, 0xc9, 0x59, 0xc9, 0x59, 0xc9, 0x59, 0xc9, 0x59, 0xc9, 0x59, 0xc9, 0x59, 0xc9, 0x59,
  0xc9, 0x59, 0xc9, 0x59, 0xc9, 0x59, 0xc9, 0x59, 0xc9, 0x59, 0xc9, 0x59, 0xc9, 0x59, 0xc9, 0x59,
  0xc9, 0x59, 0xc9, 0x59, 0xc9, 0x59, 0xc9, 0x59, 0xc9, 0x59, 0xc9, 0x59, 0xc9, 0x59, 0xc9, 0x59,
  0xc9, 0x61, 0xc9, 0x61, 0xc9, 0x61, 0xc9, 0x61, 0xc9, 0x61, 0xc9, 0x61, 0xc9, 0x61, 0xc9, 0x61,
  0xc9, 0x61, 0xc9, 0x61, 0xc9, 0x61, 0xc9, 0x61, 0xc9, 0x61, 0xc9, 0x61, 0xc9, 0x61, 0xc9, 0x61,
  0xc9, 0x61, 0xc9, 0x61, 0xc9, 0x61, 0xc9, 0x61, 0xc9, 0x61, 0xc9, 0x61, 0xc9, 0x61, 0xc9, 0x61,
  0xc9, 0x61, 0xc9, 0x61, 0xc9, 0x61, 0xc9, 0x61, 0xc9, 0x61, 0xc9, 0x61, 0xc9, 0x61, 0xc9, 0x61,
  0xc9, 0x61, 0xc9, 0x61, 0xc9, 0x61, 0xc9, 0x61, 0xc9, 0x61, 0xc9, 0x61, 0xc9, 0x61, 0xc9, 0x61,
  0xc9, 0x61, 0xc9, 0x61, 0xc9, 0x61, 0xc9, 0x61, 0xc9, 0x61, 0xc9, 0x61, 0xc9, 0x61, 0xc9, 0x61,
  0xc9, 0x61, 0xc9, 0x61, 0xc9, 0x61, 0xc9, 0x61, 0xc9, 0x61, 0xc9, 0x61, 0xc9, 0x61, 0xc9, 0x61,
  0xc9, 0x61, 0xc9, 0x61, 0xc9, 0x61, 0xc9, 0x61, 0xc9, 0x61, 0xc9, 0x61, 0xc9, 0x61, 0xc9, 0x61,
  0xc9, 0x61, 0xc9, 0x61, 0xc9, 0x61, 0xc9, 0x61, 0xc9, 0x61, 0xc9, 0x61, 0xc9, 0x61, 0xc9, 0x61,
  0xc9, 0x61, 0xc9, 0x61, 0xc9, 0x61, 0xc9, 0x61, 0xc9, 0x61, 0xc9, 0x61, 0xc9, 0x61, 0xc9, 0x61,
  0xc9, 0x61, 0xc9, 0x61, 0xc9, 0x61, 0xc9, 0x61, 0xc9, 0x61, 0xc9, 0x61, 0xc9, 0x61, 0xc9, 0x61,
  0xc9, 0x61, 0xc9, 0x61, 0xc9, 0x61, 0xc9, 0x61, 0xc9, 0x61, 0xc9, 0x61, 0xc9, 0x61, 0xc9, 0x61,
  0xc9, 0x61, 0xc9, 0x61, 0xc9, 0x61, 0xc9, 0x61, 0xc9, 0x61, 0xc9, 0x61, 0xc9, 0x61, 0xc9, 0x61,
  0xc9, 0x61, 0xc9, 0x61, 0xc9, 0x61, 0xc9, 0x61, 0xc9, 0x61, 0xc9, 0x61, 0xc9, 0x61, 0xc9, 0x61,
  0xc9, 0x61, 0xc9, 0x61, 0xc9, 0x61, 0xc9, 0x61, 0xc9, 0x61, 0xc9, 0x61, 0xc9, 0x61, 0xc9, 0x61,
  0xc9, 0x61, 0xc9, 0x61, 0xc9, 0x61, 0xc9, 0x61, 0xc9, 0x61, 0xc9, 0x61, 0xc9, 0x61, 0xc9, 0x61,
  0xe9, 0x61, 0xe9, 0x61, 0xe9, 0x61, 0xe9, 0x61, 0xe9, 0x61, 0xe9, 0x61, 0xe9, 0x61, 0xe9, 0x61,
  0xe9, 0x61, 0xe9, 0x61, 0xe9, 0x61, 0xe9, 0x61, 0xe9, 0x61, 0xe9, 0x61, 0xe9, 0x61, 0xe9, 0x61,
  0xe9, 0x61, 0xe9, 0x61, 0xe9, 0x61, 0xe9, 0x61, 0xe9, 0x61, 0xe9, 0x61, 0xe9, 0x61, 0xe9, 0x61,
  0xe9, 0x61, 0xe9, 0x61, 0xe9, 0x61, 0xe9, 0x61, 0xe9, 0x61, 0xe9, 0x61, 0xe9, 0x61, 0xe9, 0x61,
  0xe9, 0x61, 0xe9, 0x61, 0xe9, 0x61, 0xe9, 0x61, 0xe9, 0x61, 0xe9, 0x61, 0xe9, 0x61, 0xe9, 0x61,
  0xe9, 0x61, 0xe9, 0x61, 0xe9, 0x61, 0xe9, 0x61, 0xe9, 0x61, 0xe9, 0x61, 0xe9, 0x61, 0xe9, 0x61,
  0xe9, 0x61, 0xe9, 0x61, 0xe9, 0x61, 0xe9, 0x61, 0xe9, 0x61, 0xe9, 0x61, 0xe9, 0x61, 0xe9, 0x61,
  0xe9, 0x61, 0xe9, 0x61, 0xe9, 0x61, 0xe9, 0x61, 0xe9, 0x61, 0xe9, 0x61, 0xe9, 0x61, 0xe9, 0x61,
  0xe9, 0x61, 0xe9, 0x61, 0xe9, 0x61, 0xe9, 0x61, 0xe9, 0x61, 0xe9, 0x61, 0xe9, 0x61, 0xe9, 0x61,
  0xe9, 0x61, 0xe9, 0x61, 0xe9, 0x61, 0xe9, 0x61, 0xe9, 0x61, 0xe9, 0x61, 0xe9, 0x61, 0xe9, 0x61,
  0xe9, 0x61, 0xe9, 0x61, 0xe9, 0x61, 0xe9, 0x61, 0xe9, 0x61, 0xe9, 0x61, 0xe9, 0x61, 0xe9, 0x61,
  0xe9, 0x61, 0xe9, 0x61, 0xe9, 0x61, 0xe9, 0x61, 0xe9, 0x61, 0xe9, 0x61, 0xe9, 0x61, 0xe9, 0x61,
  0xe9, 0x61, 0xe9, 0x61, 0xe9, 0x61, 0xe9, 0x61, 0xe9, 0x61, 0xe9, 0x61, 0xe9, 0x61, 0xe9, 0x61,
  0xe9, 0x61, 0xe9, 0x61, 0xe9, 0x61, 0xe9, 0x61, 0xe9, 0x61, 0xe9, 0x61, 0xe9, 0x61, 0xe9, 0x61,
  0xe9, 0x61, 0xe9, 0x61, 0xe9, 0x61, 0xe9, 0x61, 0xe9, 0x61, 0xe9, 0x61, 0xe9, 0x61, 0xe9, 0x61,
  0xe9, 0x61, 0xe9, 0x61, 0xe9, 0x61, 0xe9, 0x61, 0xe9, 0x61, 0xe9, 0x61, 0xe9, 0x61, 0xe9, 0x61,
  0xe9, 0x61, 0xe9, 0x61, 0xe9, 0x61, 0xe9, 0x61, 0xe9, 0x61, 0xe9, 0x61, 0xe9, 0x61, 0xe9, 0x61,
  0xe9, 0x61, 0xe9, 0x61, 0xe9, 0x61, 0xe9, 0x61, 0xe9, 0x61, 0xe9, 0x61, 0xe9, 0x61, 0xe9, 0x61,
  0xe9, 0x61, 0xe9, 0x61, 0xe9, 0x61, 0xe9, 0x61, 0xe9, 0x61, 0xe9, 0x61, 0xe9, 0x61, 0xe9, 0x61,
  0xe9, 0x61, 0xe9, 0x61, 0xe9, 0x61, 0xe9, 0x61, 0xe9, 0x61, 0xe9, 0x61, 0xe9, 0x61, 0xe9, 0x61,
  0xe9, 0x61, 0xe9, 0x61, 0xe9, 0x61, 0xe9, 0x61, 0xe9, 0x61, 0xe9, 0x61, 0xe9, 0x61, 0xe9, 0x61,
  0xe9, 0x61, 0xe9, 0x61, 0xe9, 0x61, 0xe9, 0x61, 0xe9, 0x61, 0xe9, 0x61, 0xe9, 0x61, 0xe9, 0x61,
  0xe9, 0x61, 0xe9, 0x61, 0xe9, 0x61, 0xe9, 0x61, 0xe9, 0x61, 0xe9, 0x61, 0xe9, 0x61, 0xe9, 0x61,
  0xe9, 0x61, 0xe9, 0x61, 0xe9, 0x61, 0xe9, 0x61, 0xe9, 0x61, 0xe9, 0x61, 0xe9, 0x61, 0xe9, 0x61,
  0xe9, 0x61, 0xe9, 0x61, 0xe9, 0x61, 0xe9, 0x61, 0xe9, 0x61, 0xe9, 0x61, 0xe9, 0x61, 0xe9, 0x61,
  0xe9, 0x61, 0xe9, 0x61, 0xe9, 0x61, 0xe9, 0x61, 0xe9, 0x61, 0xe9, 0x61, 0xe9, 0x61, 0xe9, 0x61,
  0xe9, 0x61, 0xe9, 0x61, 0xe9, 0x61, 0xe9, 0x61, 0xe9, 0x61, 0xe9, 0x61, 0xe9, 0x61, 0xe9, 0x61,
  0xe9, 0x61, 0xe9, 0x61, 0xe9, 0x61, 0xe9, 0x61, 0xe9, 0x61, 0xe9, 0x61, 0xe9, 0x61, 0xe9, 0x61,
  0xe9, 0x61, 0xe9, 0x61, 0xe9, 0x61, 0xe9, 0x61, 0xe9, 0x61, 0xe9, 0x61, 0xe9, 0x61, 0xe9, 0x61,
  0xe9, 0x61, 0xe9, 0x61, 0xe9, 0x61, 0xe9, 0x61, 0xe9, 0x61, 0xe9, 0x61, 0xe9, 0x61, 0xe9, 0x61,
  0xe9, 0x61, 0xe9, 0x61, 0xe9, 0x61, 0xe9, 0x61, 0xe9, 0x61, 0xe9, 0x61, 0xe9, 0x61, 0xe9, 0x61,
  0xe9, 0x61, 0xe9, 0x61, 0xe9, 0x61, 0xe9, 0x61, 0xe9, 0x61, 0xe9, 0x61, 0xe9, 0x61, 0xe9, 0x61,
  0xe8, 0x69, 0xe8, 0x69, 0xe8, 0x69, 0xe8, 0x69, 0xe8, 0x69, 0xe8, 0x69, 0xe8, 0x69, 0xe8, 0x69,
  0xe8, 0x69, 0xe8, 0x69, 0xe8, 0x69, 0xe8, 0x69, 0xe8, 0x69, 0xe8, 0x69, 0xe8, 0x69, 0xe8, 0x69,
  0xe8, 0x69, 0xe8, 0x69, 0xe8, 0x69, 0xe8, 0x69, 0xe8, 0x69, 0xe8, 0x69, 0xe8, 0x69, 0xe8, 0x69,
  0xe8, 0x69, 0xe8, 0x69, 0xe8, 0x69, 0xe8, 0x69, 0xe8, 0x69, 0xe8, 0x69, 0xe8, 0x69, 0xe8, 0x69,
  0xe8, 0x69, 0xe8, 0x69, 0xe8, 0x69, 0xe8, 0x69, 0xe8, 0x69, 0xe8, 0x69, 0xe8, 0x69, 0xe8, 0x69,
  0xe8, 0x69, 0xe8, 0x69, 0xe8, 0x69, 0xe8, 0x69, 0xe8, 0x69, 0xe8, 0x69, 0xe8, 0x69, 0xe8, 0x69,
  0xe8, 0x69, 0xe8, 0x69, 0xe8, 0x69, 0xe8, 0x69, 0xe8, 0x69, 0xe8, 0x69, 0xe8, 0x69, 0xe8, 0x69,
  0xe8, 0x69, 0xe8, 0x69, 0xe8, 0x69, 0xe8, 0x69, 0xe8, 0x69, 0xe8, 0x69, 0xe8, 0x69, 0xe8, 0x69,
  0xe8, 0x69, 0xe8, 0x69, 0xe8, 0x69, 0xe8, 0x69, 0xe8, 0x69, 0xe8, 0x69, 0xe8, 0x69, 0xe8, 0x69,
  0xe8, 0x69, 0xe8, 0x69, 0xe8, 0x69, 0xe8, 0x69, 0xe8, 0x69, 0xe8, 0x69, 0xe8, 0x69, 0xe8, 0x69,
  0xe8, 0x69, 0xe8, 0x69, 0xe8, 0x69, 0xe8, 0x69, 0xe8, 0x69, 0xe8, 0x69, 0xe8, 0x69, 0xe8, 0x69,
  0xe8, 0x69, 0xe8, 0x69, 0xe8, 0x69, 0xe8, 0x69, 0xe8, 0x69, 0xe8, 0x69, 0xe8, 0x69, 0xe8, 0x69,
  0xe8, 0x69, 0xe8, 0x69, 0xe8, 0x69, 0xe8, 0x69, 0xe8, 0x69, 0xe8, 0x69, 0xe8, 0x69, 0xe8, 0x69,
  0xe8, 0x69, 0xe8, 0x69, 0xe8, 0x69, 0xe8, 0x69, 0xe8, 0x69, 0xe8, 0x69, 0xe8, 0x69, 0xe8, 0x69,
  0xe8, 0x69, 0xe8, 0x69, 0xe8, 0x69, 0xe8, 0x69, 0xe8, 0x69, 0xe8, 0x69, 0xe8, 0x69, 0xe8, 0x69,
  0xe8, 0x69, 0xe8, 0x69, 0xe8, 0x69, 0xe8, 0x69, 0xe8, 0x69, 0xe8, 0x69, 0xe8, 0x69, 0xe8, 0x69,
  0x08, 0x6a, 0x08, 0x6a, 0x08, 0x6a, 0x08, 0x6a, 0x08, 0x6a, 0x08, 0x6a, 0x08, 0x6a, 0x08, 0x6a,
  0x08, 0x6a, 0x08, 0x6a, 0x08, 0x6a, 0x08, 0x6a, 0x08, 0x6a, 0x08, 0x6a, 0x08, 0x6a, 0x08, 0x6a,
  0x08, 0x6a, 0x08, 0x6a, 0x08, 0x6a, 0x08, 0x6a, 0x08, 0x6a, 0x08, 0x6a, 0x08, 0x6a, 0x08, 0x6a,
  0x08, 0x6a, 0x08, 0x6a, 0x08, 0x6a, 0x08, 0x6a, 0x08, 0x6a, 0x08, 0x6a, 0x08, 0x6a, 0x08, 0x6a,
  0x08, 0x6a, 0x08, 0x6a, 0x08, 0x6a, 0x08, 0x6a, 0x08, 0x6a, 0x08, 0x6a, 0x08, 0x6a, 0x08, 0x6a,
  0x08, 0x6a, 0x08, 0x6a, 0x08, 0x6a, 0x08, 0x6a, 0x08, 0x6a, 0x08, 0x6a, 0x08, 0x6a, 0x08, 0x6a,
  0x08, 0x6a, 0x08, 0x6a, 0x08, 0x6a, 0x08, 0x6a, 0x08, 0x6a, 0x08, 0x6a, 0x08, 0x6a, 0x08, 0x6a,
  0x08, 0x6a, 0x08, 0x6a, 0x08, 0x6a, 0x08, 0x6a, 0x08, 0x6a, 0x08, 0x6a, 0x08, 0x6a, 0x08, 0x6a,
  0x08, 0x6a, 0x08, 0x6a, 0x08, 0x6a, 0x08, 0x6a, 0x08, 0x6a, 0x08, 0x6a, 0x08, 0x6a, 0x08, 0x6a,
  0x08, 0x6a, 0x08, 0x6a, 0x08, 0x6a, 0x08, 0x6a, 0x08, 0x6a, 0x08, 0x6a, 0x08, 0x6a, 0x08, 0x6a,
  0x08, 0x6a, 0x08, 0x6a, 0x08, 0x6a, 0x08, 0x6a, 0x08, 0x6a, 0x08, 0x6a, 0x08, 0x6a, 0x08, 0x6a,
  0x08, 0x6a, 0x08, 0x6a, 0x08, 0x6a, 0x08, 0x6a, 0x08, 0x6a, 0x08, 0x6a, 0x08, 0x6a, 0x08, 0x6a,
  0x08, 0x6a, 0x08, 0x6a, 0x08, 0x6a, 0x08, 0x6a, 0x08, 0x6a, 0x08, 0x6a, 0x08, 0x6a, 0x08, 0x6a,
  0x08, 0x6a, 0x08, 0x6a, 0x08, 0x6a, 0x08, 0x6a, 0x08, 0x6a, 0x08, 0x6a, 0x08, 0x6a, 0x08, 0x6a,
  0x08, 0x6a, 0x08, 0x6a, 0x08, 0x6a, 0x08, 0x6a, 0x08, 0x6a, 0x08, 0x6a, 0x08, 0x6a, 0x08, 0x6a,
  0x08, 0x6a, 0x08, 0x6a, 0x08, 0x6a, 0x08, 0x6a, 0x08, 0x6a, 0x08, 0x6a, 0x08, 0x6a, 0x08, 0x6a,
  0x08, 0x6a, 0x08, 0x6a, 0x08, 0x6a, 0x08, 0x6a, 0x08, 0x6a, 0x08, 0x6a, 0x08, 0x6a, 0x08, 0x6a,
  0x08, 0x6a, 0x08, 0x6a, 0x08, 0x6a, 0x08, 0x6a, 0x08, 0x6a, 0x08, 0x6a, 0x08, 0x6a, 0x08, 0x6a,
  0x08, 0x6a, 0x08, 0x6a, 0x08, 0x6a, 0x08, 0x6a, 0x08, 0x6a, 0x08, 0x6a, 0x08, 0x6a, 0x08, 0x6a,
  0x08, 0x6a, 0x08, 0x6a, 0x08, 0x6a, 0x08, 0x6a, 0x08, 0x6a, 0x08, 0x6a, 0x08, 0x6a, 0x08, 0x6a,
  0x08, 0x6a, 0x08, 0x6a, 0x08, 0x6a, 0x08, 0x6a, 0x08, 0x6a, 0x08, 0x6a, 0x08, 0x6a, 0x08, 0x6a,
  0x08, 0x6a, 0x08, 0x6a, 0x08, 0x6a, 0x08, 0x6a, 0x08, 0x6a, 0x08, 0x6a, 0x08, 0x6a, 0x08, 0x6a,
  0x08, 0x6a, 0x08, 0x6a, 0x08, 0x6a, 0x08, 0x6a, 0x08, 0x6a, 0x08, 0x6a, 0x08, 0x6a, 0x08, 0x6a,
  0x08, 0x6a, 0x08, 0x6a, 0x08, 0x6a, 0x08, 0x6a, 0x08, 0x6a, 0x08, 0x6a, 0x08, 0x6a, 0x08, 0x6a,
  0x08, 0x6a, 0x08, 0x6a, 0x08, 0x6a, 0x08, 0x6a, 0x08, 0x6a, 0x08, 0x6a, 0x08, 0x6a, 0x08, 0x6a,
  0x08, 0x6a, 0x08, 0x6a, 0x08, 0x6a, 0x08, 0x6a, 0x08, 0x6a, 0x08, 0x6a, 0x08, 0x6a, 0x08, 0x6a,
  0x08, 0x6a, 0x08, 0x6a, 0x08, 0x6a, 0x08, 0x6a, 0x08, 0x6a, 0x08, 0x6a, 0x08, 0x6a, 0x08, 0x6a,
  0x08, 0x6a, 0x08, 0x6a, 0x08, 0x6a, 0x08, 0x6a, 0x08, 0x6a, 0x08, 0x6a, 0x08, 0x6a, 0x08, 0x6a,
  0x08, 0x6a, 0x08, 0x6a, 0x08, 0x6a, 0x08, 0x6a, 0x08, 0x6a, 0x08, 0x6a, 0x08, 0x6a, 0x08, 0x6a,
  0x08, 0x6a, 0x08, 0x6a, 0x08, 0x6a, 0x08, 0x6a, 0x08, 0x6a, 0x08, 0x6a, 0x08, 0x6a, 0x08, 0x6a,
  0x08, 0x6a, 0x08, 0x6a, 0x08, 0x6a, 0x08, 0x6a, 0x08, 0x6a, 0x08, 0x6a, 0x08, 0x6a, 0x08, 0x6a,
  0x08, 0x6a, 0x08, 0x6a, 0x08, 0x6a, 0x08, 0x6a, 0x08, 0x6a, 0x08, 0x6a, 0x08, 0x6a, 0x08, 0x6a,
  0x08, 0x72, 0x08, 0x72, 0x08, 0x72, 0x08, 0x72, 0x08, 0x72, 0x08, 0x72, 0x08, 0x72, 0x08, 0x72,
  0x08, 0x72, 0x08, 0x72, 0x08, 0x72, 0x08, 0x72, 0x08, 0x72, 0x08, 0x72, 0x08, 0x72, 0x08, 0x72,
  0x08, 0x72, 0x08, 0x72, 0x08, 0x72, 0x08, 0x72, 0x08, 0x72, 0x08, 0x72, 0x08, 0x72, 0x08, 0x72,
  0x08, 0x72, 0x08, 0x72, 0x08, 0x72, 0x08, 0x72, 0x08, 0x72, 0x08, 0x72, 0x08, 0x72, 0x08, 0x72,
  0x08, 0x72, 0x08, 0x72, 0x08, 0x72, 0x08, 0x72, 0x08, 0x72, 0x08, 0x72, 0x08, 0x72, 0x08, 0x72,
  0x08, 0x72, 0x08, 0x72, 0x08, 0x72, 0x08, 0x72, 0x08, 0x72, 0x08, 0x72, 0x08, 0x72, 0x08, 0x72,
  0x08, 0x72, 0x08, 0x72, 0x08, 0x72, 0x08, 0x72, 0x08, 0x72, 0x08, 0x72, 0x08, 0x72, 0x08, 0x72,
  0x08, 0x72, 0x08, 0x72, 0x08, 0x72, 0x08, 0x72, 0x08, 0x72, 0x08, 0x72, 0x08, 0x72, 0x08, 0x72,
  0x08, 0x72, 0x08, 0x72, 0x08, 0x72, 0x08, 0x72, 0x08, 0x72, 0x08, 0x72, 0x08, 0x72, 0x08, 0x72,
  0x08, 0x72, 0x08, 0x72, 0x08, 0x72, 0x08, 0x72, 0x08, 0x72, 0x08, 0x72, 0x08, 0x72, 0x08, 0x72,
  0x08, 0x72, 0x08, 0x72, 0x08, 0x72, 0x08, 0x72, 0x08, 0x72, 0x08, 0x72, 0x08, 0x72, 0x08, 0x72,
  0x08, 0x72, 0x08, 0x72, 0x08, 0x72, 0x08, 0x72, 0x08, 0x72, 0x08, 0x72, 0x08, 0x72, 0x08, 0x72,
  0x08, 0x72, 0x08, 0x72, 0x08, 0x72, 0x08, 0x72, 0x08, 0x72, 0x08, 0x72, 0x08, 0x72, 0x08, 0x72,
  0x08, 0x72, 0x08, 0x72, 0x08, 0x72, 0x08, 0x72, 0x08, 0x72, 0x08, 0x72, 0x08, 0x72, 0x08, 0x72,
  0x08, 0x72, 0x08, 0x72, 0x08, 0x72, 0x08, 0x72, 0x08, 0x72, 0x08, 0x72, 0x08, 0x72, 0x08, 0x72,
  0x08, 0x72, 0x08, 0x72, 0x08, 0x72, 0x08, 0x72, 0x08, 0x72, 0x08, 0x72, 0x08, 0x72, 0x08, 0x72,
  0x28, 0x72, 0x28, 0x72, 0x28, 0x72, 0x28, 0x72, 0x28, 0x72, 0x28, 0x72, 0x28, 0x72, 0x28, 0x72,
  0x28, 0x72, 0x28, 0x72, 0x28, 0x72, 0x28, 0x72, 0x28, 0x72, 0x28, 0x72, 0x28, 0x72, 0x28, 0x72,
  0x28, 0x72, 0x28, 0x72, 0x28, 0x72, 0x28, 0x72, 0x28, 0x72, 0x28, 0x72, 0x28, 0x72, 0x28, 0x72,
  0x28, 0x72, 0x28, 0x72, 0x28, 0x72, 0x28, 0x72, 0x28, 0x72, 0x28, 0x72, 0x28, 0x72, 0x28, 0x72,
  0x28, 0x72, 0x28, 0x72, 0x28, 0x72, 0x28, 0x72, 0x28, 0x72, 0x28, 0x72, 0x28, 0x72, 0x28, 0x72,
  0x28, 0x72, 0x28, 0x72, 0x28, 0x72, 0x28, 0x72, 0x28, 0x72, 0x28, 0x72, 0x28, 0x72, 0x28, 0x72,
  0x28, 0x72, 0x28, 0x72, 0x28, 0x72, 0x28, 0x72, 0x28, 0x72, 0x28, 0x72, 0x28, 0x72, 0x28, 0x72,
  0x28, 0x72, 0x28, 0x72, 0x28, 0x72, 0x28, 0x72, 0x28, 0x72, 0x28, 0x72, 0x28, 0x72, 0x28, 0x72,
  0x28, 0x72, 0x28, 0x72, 0x28, 0x72, 0x28, 0x72, 0x28, 0x72, 0x28, 0x72, 0x28, 0x72, 0x28, 0x72,
  0x28, 0x72, 0x28, 0x72, 0x28, 0x72, 0x28, 0x72, 0x28, 0x72, 0x28, 0x72, 0x28, 0x72, 0x28, 0x72,
  0x28, 0x72, 0x28, 0x72, 0x28, 0x72, 0x28, 0x72, 0x28, 0x72, 0x28, 0x72, 0x28, 0x72, 0x28, 0x72,
  0x28, 0x72, 0x28, 0x72, 0x28, 0x72, 0x28, 0x72, 0x28, 0x72, 0x28, 0x72, 0x28, 0x72, 0x28, 0x72,
  0x28, 0x72, 0x28, 0x72, 0x28, 0x72, 0x28, 0x72, 0x28, 0x72, 0x28, 0x72, 0x28, 0x72, 0x28, 0x72,
  0x28, 0x72, 0x28, 0x72, 0x28, 0x72, 0x28, 0x72, 0x28, 0x72, 0x28, 0x72, 0x28, 0x72, 0x28, 0x72,
  0x28, 0x72, 0x28, 0x72, 0x28, 0x72, 0x28, 0x72, 0x28, 0x72, 0x28, 0x72, 0x28, 0x72, 0x28, 0x72,
  0x28, 0x72, 0x28, 0x72, 0x28, 0x72, 0x28, 0x72, 0x28, 0x72, 0x28, 0x72, 0x28, 0x72, 0x28, 0x72,
  0x28, 0x72, 0x28, 0x72, 0x28, 0x72, 0x28, 0x72, 0x28, 0x72, 0x28, 0x72, 0x28, 0x72, 0x28, 0x72,
  0x28, 0x72, 0x28, 0x72, 0x28, 0x72, 0x28, 0x72, 0x28, 0x72, 0x28, 0x72, 0x28, 0x72, 0x28, 0x72,
  0x28, 0x72, 0x28, 0x72, 0x28, 0x72, 0x28, 0x72, 0x28, 0x72, 0x28, 0x72, 0x28, 0x72, 0x28, 0x72,
  0x28, 0x72, 0x28, 0x72, 0x28, 0x72, 0x28, 0x72, 0x28, 0x72, 0x28, 0x72, 0x28, 0x72, 0x28, 0x72,
  0x28, 0x72, 0x28, 0x72, 0x28, 0x72, 0x28, 0x72, 0x28, 0x72, 0x28, 0x72, 0x28, 0x72, 0x28, 0x72,
  0x28, 0x72, 0x28, 0x72, 0x28, 0x72, 0x28, 0x72, 0x28, 0x72, 0x28, 0x72, 0x28, 0x72, 0x28, 0x72,
  0x28, 0x72, 0x28, 0x72, 0x28, 0x72, 0x28, 0x72, 0x28, 0x72, 0x28, 0x72, 0x28, 0x72, 0x28, 0x72,
  0x28, 0x72, 0x28, 0x72, 0x28, 0x72, 0x28, 0x72, 0x28, 0x72, 0x28, 0x72, 0x28, 0x72, 0x28, 0x72,
  0x28, 0x72, 0x28, 0x72, 0x28, 0x72, 0x28, 0x72, 0x28, 0x72, 0x28, 0x72, 0x28, 0x72, 0x28, 0x72,
  0x28, 0x72, 0x28, 0x72, 0x28, 0x72, 0x28, 0x72, 0x28, 0x72, 0x28, 0x72, 0x28, 0x72, 0x28, 0x72,
  0x28, 0x72, 0x28, 0x72, 0x28, 0x72, 0x28, 0x72, 0x28, 0x72, 0x28, 0x72, 0x28, 0x72, 0x28, 0x72,
  0x28, 0x72, 0x28, 0x72, 0x28, 0x72, 0x28, 0x72, 0x28, 0x72, 0x28, 0x72, 0x28, 0x72, 0x28, 0x72,
  0x28, 0x72, 0x28, 0x72, 0x28, 0x72, 0x28, 0x72, 0x28, 0x72, 0x28, 0x72, 0x28, 0x72, 0x28, 0x72,
  0x28, 0x72, 0x28, 0x72, 0x28, 0x72, 0x28, 0x72, 0x28, 0x72, 0x28, 0x72, 0x28, 0x72, 0x28, 0x72,
  0x28, 0x72, 0x28, 0x72, 0x28, 0x72, 0x28, 0x72, 0x28, 0x72, 0x28, 0x72, 0x28, 0x72, 0x28, 0x72,
  0x28, 0x72, 0x28, 0x72, 0x28, 0x72, 0x28, 0x72, 0x28, 0x72, 0x28, 0x72, 0x28, 0x72, 0x28, 0x72,
  0x28, 0x7a, 0x28, 0x7a, 0x28, 0x7a, 0x28, 0x7a, 0x28, 0x7a, 0x28, 0x7a, 0x28, 0x7a, 0x28, 0x7a,
  0x28, 0x7a, 0x28, 0x7a, 0x28, 0x7a, 0x28, 0x7a, 0x28, 0x7a, 0x28, 0x7a, 0x28, 0x7a, 0x28, 0x7a,
  0x28, 0x7a, 0x28, 0x7a, 0x28, 0x7a, 0x28, 0x7a, 0x28, 0x7a, 0x28, 0x7a, 0x28, 0x7a, 0x28, 0x7a,
  0x28, 0x7a, 0x28, 0x7a, 0x28, 0x7a, 0x28, 0x7a, 0x28, 0x7a, 0x28, 0x7a, 0x28, 0x7a, 0x28, 0x7a,
  0x28, 0x7a, 0x28, 0x7a, 0x28, 0x7a, 0x28, 0x7a, 0x28, 0x7a, 0x28, 0x7a, 0x28, 0x7a, 0x28, 0x7a,
  0x28, 0x7a, 0x28, 0x7a, 0x28, 0x7a, 0x28, 0x7a, 0x28, 0x7a, 0x28, 0x7a, 0x28, 0x7a, 0x28, 0x7a,
  0x28, 0x7a, 0x28, 0x7a, 0x28, 0x7a, 0x28, 0x7a, 0x28, 0x7a, 0x28, 0x7a, 0x28, 0x7a, 0x28, 0x7a,
  0x28, 0x7a, 0x28, 0x7a, 0x28, 0x7a, 0x28, 0x7a, 0x28, 0x7a, 0x28, 0x7a, 0x28, 0x7a, 0x28, 0x7a,
  0x28, 0x7a, 0x28, 0x7a, 0x28, 0x7a, 0x28, 0x7a, 0x28, 0x7a, 0x28, 0x7a, 0x28, 0x7a, 0x28, 0x7a,
  0x28, 0x7a, 0x28, 0x7a, 0x28, 0x7a, 0x28, 0x7a, 0x28, 0x7a, 0x28, 0x7a, 0x28, 0x7a, 0x28, 0x7a,
  0x28, 0x7a, 0x28, 0x7a, 0x28, 0x7a, 0x28, 0x7a, 0x28, 0x7a, 0x28, 0x7a, 0x28, 0x7a, 0x28, 0x7a,
  0x28, 0x7a, 0x28, 0x7a, 0x28, 0x7a, 0x28, 0x7a, 0x28, 0x7a, 0x28, 0x7a, 0x28, 0x7a, 0x28, 0x7a,
  0x28, 0x7a, 0x28, 0x7a, 0x28, 0x7a, 0x28, 0x7a, 0x28, 0x7a, 0x28, 0x7a, 0x28, 0x7a, 0x28, 0x7a,
  0x28, 0x7a, 0x28, 0x7a, 0x28, 0x7a, 0x28, 0x7a, 0x28, 0x7a, 0x28, 0x7a, 0x28, 0x7a, 0x28, 0x7a,
  0x28, 0x7a, 0x28, 0x7a, 0x28, 0x7a, 0x28, 0x7a, 0x28, 0x7a, 0x28, 0x7a, 0x28, 0x7a, 0x28, 0x7a,
  0x28, 0x7a, 0x28, 0x7a, 0x28, 0x7a, 0x28, 0x7a, 0x28, 0x7a, 0x28, 0x7a, 0x28, 0x7a, 0x28, 0x7a,
  0x48, 0x7a, 0x48, 0x7a, 0x48, 0x7a, 0x48, 0x7a, 0x48, 0x7a, 0x48, 0x7a, 0x48, 0x7a, 0x48, 0x7a,
  0x48, 0x7a, 0x48, 0x7a, 0x48, 0x7a, 0x48, 0x7a, 0x48, 0x7a, 0x48, 0x7a, 0x48, 0x7a, 0x48, 0x7a,
  0x48, 0x7a, 0x48, 0x7a, 0x48, 0x7a, 0x48, 0x7a, 0x48, 0x7a, 0x48, 0x7a, 0x48, 0x7a, 0x48, 0x7a,
  0x48, 0x7a, 0x48, 0x7a, 0x48, 0x7a, 0x48, 0x7a, 0x48, 0x7a, 0x48, 0x7a, 0x48, 0x7a, 0x48, 0x7a,
  0x48, 0x7a, 0x48, 0x7a, 0x48, 0x7a, 0x48, 0x7a, 0x48, 0x7a, 0x48, 0x7a, 0x48, 0x7a, 0x48, 0x7a,
  0x48, 0x7a, 0x48, 0x7a, 0x48, 0x7a, 0x48, 0x7a, 0x48, 0x7a, 0x48, 0x7a, 0x48, 0x7a, 0x48, 0x7a,
  0x48, 0x7a, 0x48, 0x7a, 0x48, 0x7a, 0x48, 0x7a, 0x48, 0x7a, 0x48, 0x7a, 0x48, 0x7a, 0x48, 0x7a,
  0x48, 0x7a, 0x48, 0x7a, 0x48, 0x7a, 0x48, 0x7a, 0x48, 0x7a, 0x48, 0x7a, 0x48, 0x7a, 0x48, 0x7a,
  0x48, 0x7a, 0x48, 0x7a, 0x48, 0x7a, 0x48, 0x7a, 0x48, 0x7a, 0x48, 0x7a, 0x48, 0x7a, 0x48, 0x7a,
  0x48, 0x7a, 0x48, 0x7a, 0x48, 0x7a, 0x68, 0x82, 0x88, 0x8a, 0xa8, 0x8a, 0xc8, 0x8a, 0xc8, 0x92,
  0xc8, 0x92, 0xc8, 0x92, 0xc8, 0x8a, 0xa8, 0x8a, 0x88, 0x8a, 0x68, 0x82, 0x48, 0x7a, 0x48, 0x7a,
  0x48, 0x7a, 0x48, 0x7a, 0x48, 0x7a, 0x48, 0x7a, 0x48, 0x7a, 0x48, 0x7a, 0x48, 0x7a, 0x48, 0x7a,
  0x48, 0x7a, 0x48, 0x7a, 0x48, 0x7a, 0x48, 0x7a, 0x48, 0x7a, 0x48, 0x7a, 0x48, 0x7a, 0x48, 0x7a,
  0x48, 0x7a, 0x48, 0x7a, 0x48, 0x7a, 0x48, 0x7a, 0x48, 0x7a, 0x48, 0x7a, 0x48, 0x7a, 0x48, 0x7a,
  0x48, 0x7a, 0x48, 0x7a, 0x48, 0x7a, 0x48, 0x7a, 0x48, 0x7a, 0x48, 0x7a, 0x48, 0x7a, 0x48, 0x7a,
  0x48, 0x7a, 0x48, 0x7a, 0x48, 0x7a, 0x48, 0x7a, 0x48, 0x7a, 0x48, 0x7a, 0x48, 0x7a, 0x48, 0x7a,
  0x48, 0x7a, 0x48, 0x7a, 0x48, 0x7a, 0x48, 0x7a, 0x48, 0x7a, 0x48, 0x7a, 0x48, 0x7a, 0x48, 0x7a,
  0x48, 0x7a, 0x48, 0x7a, 0x48, 0x7a, 0x48, 0x7a, 0x48, 0x7a, 0x48, 0x7a, 0x48, 0x7a, 0x48, 0x7a,
  0x48, 0x7a, 0x48, 0x7a, 0x48, 0x7a, 0x48, 0x7a, 0x48, 0x7a, 0x48, 0x7a, 0x48, 0x7a, 0x48, 0x7a,
  0x48, 0x7a, 0x48, 0x7a, 0x48, 0x7a, 0x48, 0x7a, 0x48, 0x7a, 0x48, 0x7a, 0x48, 0x7a, 0x48, 0x7a,
  0x48, 0x7a, 0x48, 0x7a, 0x48, 0x7a, 0x48, 0x7a, 0x48, 0x7a, 0x48, 0x7a, 0x48, 0x7a, 0x48, 0x7a,
  0x48, 0x7a, 0x48, 0x7a, 0x48, 0x7a, 0x48, 0x7a, 0x48, 0x7a, 0x48, 0x7a, 0x48, 0x7a, 0x48, 0x7a,
  0x48, 0x7a, 0x48, 0x7a, 0x48, 0x7a, 0x48, 0x7a, 0x48, 0x7a, 0x48, 0x7a, 0x48, 0x7a, 0x48, 0x7a,
  0x48, 0x7a, 0x48, 0x7a, 0x48, 0x7a, 0x48, 0x7a, 0x48, 0x7a, 0x48, 0x7a, 0x48, 0x7a, 0x48, 0x7a,
  0x48, 0x7a, 0x48, 0x7a, 0x48, 0x7a, 0x48, 0x7a, 0x48, 0x7a, 0x48, 0x7a, 0x48, 0x7a, 0x48, 0x7a,
  0x68, 0x82, 0xa8, 0x8a, 0xc8, 0x92, 0x08, 0x9b, 0x29, 0xa3, 0x29, 0xa3, 0x49, 0xa3, 0x49, 0xab,
  0x69, 0xab, 0x49, 0xab, 0x49, 0xa3, 0x29, 0xa3, 0x29, 0xa3, 0x08, 0x9b, 0xc8, 0x92, 0xa8, 0x8a,
  0x68, 0x82, 0x48, 0x7a, 0x48, 0x7a, 0x48, 0x7a, 0x48, 0x7a, 0x48, 0x7a, 0x48, 0x7a, 0x48, 0x7a,
  0x48, 0x7a, 0x48, 0x7a, 0x48, 0x7a, 0x48, 0x7a, 0x48, 0x7a, 0x48, 0x7a, 0x48, 0x7a, 0x48, 0x7a,
  0x48, 0x7a, 0x48, 0x7a, 0x48, 0x7a, 0x48, 0x7a, 0x48, 0x7a, 0x48, 0x7a, 0x48, 0x7a, 0x48, 0x7a,
  0x48, 0x7a, 0x48, 0x7a, 0x48, 0x7a, 0x48, 0x7a, 0x48, 0x7a, 0x48, 0x7a, 0x48, 0x7a, 0x48, 0x7a,
  0x48, 0x7a, 0x48, 0x7a, 0x48, 0x7a, 0x48, 0x7a, 0x48, 0x7a, 0x48, 0x7a, 0x48, 0x7a, 0x48, 0x7a,
  0x48, 0x82, 0x48, 0x82, 0x48, 0x82, 0x48, 0x82, 0x48, 0x82, 0x48, 0x82, 0x48, 0x82, 0x48, 0x82,
  0x48, 0x82, 0x48, 0x82, 0x48, 0x82, 0x48, 0x82, 0x48, 0x82, 0x48, 0x82, 0x48, 0x82, 0x48, 0x82,
  0x48, 0x82, 0x48, 0x82, 0x48, 0x82, 0x48, 0x82, 0x48, 0x82, 0x48, 0x82, 0x48, 0x82, 0x48, 0x82,
  0x48, 0x82, 0x48, 0x82, 0x48, 0x82, 0x48, 0x82, 0x48, 0x82, 0x48, 0x82, 0x48, 0x82, 0x48, 0x82,
  0x48, 0x82, 0x48, 0x82, 0x48, 0x82, 0x48, 0x82, 0x48, 0x82, 0x48, 0x82, 0x48, 0x82, 0x48, 0x82,
  0x48, 0x82, 0x48, 0x82, 0x48, 0x82, 0x48, 0x82, 0x48, 0x82, 0x48, 0x82, 0x48, 0x82, 0x48, 0x82,
  0x48, 0x82, 0x48, 0x82, 0x48, 0x82, 0x48, 0x82, 0x48, 0x82, 0x48, 0x82, 0x48, 0x82, 0x48, 0x82,
  0x48, 0x82, 0x48, 0x82, 0x48, 0x82, 0x48, 0x82, 0x48, 0x82, 0x48, 0x82, 0x48, 0x82, 0x48, 0x82,
  0x48, 0x82, 0x48, 0x82, 0x48, 0x82, 0x48, 0x82, 0x48, 0x82, 0x48, 0x82, 0x88, 0x82, 0xc8, 0x92,
  0xe8, 0x9a, 0x29, 0xa3, 0x69, 0xab, 0x89, 0xb3, 0xa9, 0xb3, 0xc9, 0xbb, 0xc9, 0xbb, 0xe9, 0xbb,
  0xe9, 0xc3, 0xe9, 0xbb, 0xc9, 0xbb, 0xc9, 0xbb, 0xa9, 0xb3, 0x89, 0xb3, 0x69, 0xab, 0x29, 0xa3,
  0xe8, 0x9a, 0xc8, 0x92, 0x88, 0x82, 0x48, 0x82, 0x48, 0x82, 0x48, 0x82, 0x48, 0x82, 0x48, 0x82,
  0x48, 0x82, 0x48, 0x82, 0x48, 0x82, 0x48, 0x82, 0x48, 0x82, 0x48, 0x82, 0x48, 0x82, 0x48, 0x82,
  0x48, 0x82, 0x48, 0x82, 0x48, 0x82, 0x48, 0x82, 0x48, 0x82, 0x48, 0x82, 0x48, 0x82, 0x48, 0x82,
  0x48, 0x82, 0x48, 0x82, 0x48, 0x82, 0x48, 0x82, 0x48, 0x82, 0x48, 0x82, 0x48, 0x82, 0x48, 0x82,
  0x48, 0x82, 0x48, 0x82, 0x48, 0x82, 0x48, 0x82, 0x48, 0x82, 0x48, 0x82, 0x48, 0x82, 0x48, 0x82,
  0x68, 0x82, 0x68, 0x82, 0x68, 0x82, 0x68, 0x82, 0x68, 0x82, 0x68, 0x82, 0x68, 0x82, 0x68, 0x82,
  0x68, 0x82, 0x68, 0x82, 0x68, 0x82, 0x68, 0x82, 0x68, 0x82, 0x68, 0x82, 0x68, 0x82, 0x68, 0x82,
  0x68, 0x82, 0x68, 0x82, 0x68, 0x82, 0x68, 0x82, 0x68, 0x82, 0x68, 0x82, 0x68, 0x82, 0x68, 0x82,
  0x68, 0x82, 0x68, 0x82, 0x68, 0x82, 0x68, 0x82, 0x68, 0x82, 0x68, 0x82, 0x68, 0x82, 0x68, 0x82,
  0x68, 0x82, 0x68, 0x82, 0x68, 0x82, 0x68, 0x82, 0x68, 0x82, 0x68, 0x82, 0x68, 0x82, 0x68, 0x82,
  0x68, 0x82, 0x68, 0x82, 0x68, 0x82, 0x68, 0x82, 0x68, 0x82, 0x68, 0x82, 0x68, 0x82, 0x68, 0x82,
  0x68, 0x82, 0x68, 0x82, 0x68, 0x82, 0x68, 0x82, 0x68, 0x82, 0x68, 0x82, 0x68, 0x82, 0x68, 0x82,
  0x68, 0x82, 0x68, 0x82, 0x68, 0x82, 0x68, 0x82, 0x68, 0x82, 0x68, 0x82, 0x68, 0x82, 0x68, 0x82,
  0x68, 0x82, 0x68, 0x82, 0x68, 0x82, 0x68, 0x82, 0x68, 0x82, 0xa8, 0x92, 0xe8, 0x9a, 0x48, 0xa3,
  0x69, 0xab, 0xa9, 0xbb, 0xe9, 0xbb, 0x09, 0xc4, 0x2a, 0xcc, 0x4a, 0xd4, 0x6a, 0xd4, 0x6a, 0xd4,
  0x6a, 0xd4, 0x6a, 0xd4, 0x6a, 0xd4, 0x4a, 0xd4, 0x2a, 0xcc, 0x09, 0xc4, 0xe9, 0xbb, 0xa9, 0xbb,
  0x69, 0xab, 0x48, 0xa3, 0xe8, 0x9a, 0xa8, 0x92, 0x68, 0x82, 0x68, 0x82, 0x68, 0x82, 0x68, 0x82,
  0x68, 0x82, 0x68, 0x82, 0x68, 0x82, 0x68, 0x82, 0x68, 0x82, 0x68, 0x82, 0x68, 0x82, 0x68, 0x82,
  0x68, 0x82, 0x68, 0x82, 0x68, 0x82, 0x68, 0x82, 0x68, 0x82, 0x68, 0x82, 0x68, 0x82, 0x68, 0x82,
  0x68, 0x82, 0x68, 0x82, 0x68, 0x82, 0x68, 0x82, 0x68, 0x82, 0x68, 0x82, 0x68, 0x82, 0x68, 0x82,
  0x68, 0x82, 0x68, 0x82, 0x68, 0x82, 0x68, 0x82, 0x68, 0x82, 0x68, 0x82, 0x68, 0x82, 0x68, 0x82,
  0x67, 0x82, 0x67, 0x82, 0x67, 0x82, 0x67, 0x82, 0x67, 0x82, 0x67, 0x82, 0x67, 0x82, 0x67, 0x82,
  0x67, 0x82, 0x67, 0x82, 0x67, 0x82, 0x67, 0x82, 0x67, 0x82, 0x67, 0x82, 0x67, 0x82, 0x67, 0x82,
  0x67, 0x82, 0x67, 0x82, 0x67, 0x82, 0x67, 0x82, 0x67, 0x82, 0x67, 0x82, 0x67, 0x82, 0x67, 0x82,
  0x67, 0x82, 0x67, 0x82, 0x67, 0x82, 0x67, 0x82, 0x67, 0x82, 0x67, 0x82, 0x67, 0x82, 0x67, 0x82,
  0x67, 0x82, 0x67, 0x82, 0x67, 0x82, 0x67, 0x82, 0x67, 0x82, 0x67, 0x82, 0x67, 0x82, 0x67, 0x82,
  0x67, 0x82, 0x67, 0x82, 0x67, 0x82, 0x67, 0x82, 0x67, 0x82, 0x67, 0x82, 0x67, 0x82, 0x67, 0x82,
  0x67, 0x82, 0x67, 0x82, 0x67, 0x82, 0x67, 0x82, 0x67, 0x82, 0x67, 0x82, 0x67, 0x82, 0x67, 0x82,
  0x67, 0x82, 0x67, 0x82, 0x67, 0x82, 0x67, 0x82, 0x67, 0x82, 0x67, 0x82, 0x67, 0x82, 0x67, 0x82,
  0x67, 0x82, 0x67, 0x82, 0x67, 0x82, 0x88, 0x8a, 0xc8, 0x92, 0x28, 0xa3, 0x69, 0xab, 0xa9, 0xbb,
  0xe9, 0xc3, 0x29, 0xcc, 0x6a, 0xd4, 0x8a, 0xdc, 0xaa, 0xe4, 0xca, 0xe4, 0xea, 0xec, 0xea, 0xec,
  0xea, 0xec, 0xea, 0xec, 0xea, 0xec, 0xca, 0xe4, 0xaa, 0xe4, 0x8a, 0xdc, 0x6a, 0xd4, 0x29, 0xcc,
  0xe9, 0xc3, 0xa9, 0xbb, 0x69, 0xab, 0x28, 0xa3, 0xc8, 0x92, 0x88, 0x8a, 0x67, 0x82, 0x67, 0x82,
  0x67, 0x82, 0x67, 0x82, 0x67, 0x82, 0x67, 0x82, 0x67, 0x82, 0x67, 0x82, 0x67, 0x82, 0x67, 0x82,
  0x67, 0x82, 0x67, 0x82, 0x67, 0x82, 0x67, 0x82, 0x67, 0x82, 0x67, 0x82, 0x67, 0x82, 0x67, 0x82,
  0x67, 0x82, 0x67, 0x82, 0x67, 0x82, 0x67, 0x82, 0x67, 0x82, 0x67, 0x82, 0x67, 0x82, 0x67, 0x82,
  0x67, 0x82, 0x67, 0x82, 0x67, 0x82, 0x67, 0x82, 0x67, 0x82, 0x67, 0x82, 0x67, 0x82, 0x67, 0x82,
  0x87, 0x8a, 0x87, 0x8a, 0x87, 0x8a, 0x87, 0x8a, 0x87, 0x8a, 0x87, 0x8a, 0x87, 0x8a, 0x87, 0x8a,
  0x87, 0x8a, 0x87, 0x8a, 0x87, 0x8a, 0x87, 0x8a, 0x87, 0x8a, 0x87, 0x8a, 0x87, 0x8a, 0x87, 0x8a,
  0x87, 0x8a, 0x87, 0x8a, 0x87, 0x8a, 0x87, 0x8a, 0x87, 0x8a, 0x87, 0x8a, 0x87, 0x8a, 0x87, 0x8a,
  0x87, 0x8a, 0x87, 0x8a, 0x87, 0x8a, 0x87, 0x8a, 0x87, 0x8a, 0x87, 0x8a, 0x87, 0x8a, 0x87, 0x8a,
  0x87, 0x8a, 0x87, 0x8a, 0x87, 0x8a, 0x87, 0x8a, 0x87, 0x8a, 0x87, 0x8a, 0x87, 0x8a, 0x87, 0x8a,
  0x87, 0x8a, 0x87, 0x8a, 0x87, 0x8a, 0x87, 0x8a, 0x87, 0x8a, 0x87, 0x8a, 0x87, 0x8a, 0x87, 0x8a,
  0x87, 0x8a, 0x87, 0x8a, 0x87, 0x8a, 0x87, 0x8a, 0x87, 0x8a, 0x87, 0x8a, 0x87, 0x8a, 0x87, 0x8a,
  0x87, 0x8a, 0x87, 0x8a, 0x87, 0x8a, 0x87, 0x8a, 0x87, 0x8a, 0x87, 0x8a, 0x87, 0x8a, 0x87, 0x8a,
  0x87, 0x8a, 0x87, 0x8a, 0x87, 0x8a, 0xe8, 0x9a, 0x48, 0xab, 0x89, 0xb3, 0xe9, 0xc3, 0x29, 0xcc,
  0x6a, 0xd4, 0xaa, 0xdc, 0xea, 0xe4, 0x0a, 0xed, 0x2b, 0xf5, 0x4b, 0xfd, 0x6b, 0xfd, 0x6b, 0xfd,
  0x8b, 0xfd, 0x6b, 0xfd, 0x6b, 0xfd, 0x4b, 0xfd, 0x2b, 0xf5, 0x0a, 0xed, 0xea, 0xe4, 0xaa, 0xdc,
  0x6a, 0xd4, 0x29, 0xcc, 0xe9, 0xc3, 0x89, 0xb3, 0x48, 0xab, 0xe8, 0x9a, 0x87, 0x8a, 0x87, 0x8a,
  0x87, 0x8a, 0x87, 0x8a, 0x87, 0x8a, 0x87, 0x8a, 0x87, 0x8a, 0x87, 0x8a, 0x87, 0x8a, 0x87, 0x8a,
  0x87, 0x8a, 0x87, 0x8a, 0x87, 0x8a, 0x87, 0x8a, 0x87, 0x8a, 0x87, 0x8a, 0x87, 0x8a, 0x87, 0x8a,
  0x87, 0x8a, 0x87, 0x8a, 0x87, 0x8a, 0x87, 0x8a, 0x87, 0x8a, 0x87, 0x8a, 0x87, 0x8a, 0x87, 0x8a,
  0x87, 0x8a, 0x87, 0x8a, 0x87, 0x8a, 0x87, 0x8a, 0x87, 0x8a, 0x87, 0x8a, 0x87, 0x8a, 0x87, 0x8a,
  0x87, 0x8a, 0x87, 0x8a, 0x87, 0x8a, 0x87, 0x8a, 0x87, 0x8a, 0x87, 0x8a, 0x87, 0x8a, 0x87, 0x8a,
  0x87, 0x8a, 0x87, 0x8a, 0x87, 0x8a, 0x87, 0x8a, 0x87, 0x8a, 0x87, 0x8a, 0x87, 0x8a, 0x87, 0x8a,
  0x87, 0x8a, 0x87, 0x8a, 0x87, 0x8a, 0x87, 0x8a, 0x87, 0x8a, 0x87, 0x8a, 0x87, 0x8a, 0x87, 0x8a,
  0x87, 0x8a, 0x87, 0x8a, 0x87, 0x8a, 0x87, 0x8a, 0x87, 0x8a, 0x87, 0x8a, 0x87, 0x8a, 0x87, 0x8a,
  0x87, 0x8a, 0x87, 0x8a, 0x87, 0x8a, 0x87, 0x8a, 0x87, 0x8a, 0x87, 0x8a, 0x87, 0x8a, 0x87, 0x8a,
  0x87, 0x8a, 0x87, 0x8a, 0x87, 0x8a, 0x87, 0x8a, 0x87, 0x8a, 0x87, 0x8a, 0x87, 0x8a, 0x87, 0x8a,
  0x87, 0x8a, 0x87, 0x8a, 0x87, 0x8a, 0x87, 0x8a, 0x87, 0x8a, 0x87, 0x8a, 0x87, 0x8a, 0x87, 0x8a,
  0x87, 0x8a, 0x87, 0x8a, 0x87, 0x8a, 0x87, 0x8a, 0x87, 0x8a, 0x87, 0x8a, 0x87, 0x8a, 0x87, 0x8a,
  0x87, 0x8a, 0x87, 0x8a, 0xe8, 0x9a, 0x48, 0xab, 0xa9, 0xbb, 0x09, 0xc4, 0x49, 0xd4, 0x8a, 0xdc,
  0xea, 0xe4, 0x2a, 0xf5, 0x4b, 0xfd, 0xef, 0xfe, 0xef, 0xfe, 0xef, 0xfe, 0xef, 0xfe, 0xef, 0xfe,
  0xef, 0xfe, 0xef, 0xfe, 0xef, 0xfe, 0xef, 0xfe, 0xef, 0xfe, 0xef, 0xfe, 0x4b, 0xfd, 0x2a, 0xf5,
  0xea, 0xe4, 0x8a, 0xdc, 0x49, 0xd4, 0x09, 0xc4, 0xa9, 0xbb, 0x48, 0xab, 0xe8, 0x9a, 0x87, 0x8a,
  0x87, 0x8a, 0x87, 0x8a, 0x87, 0x8a, 0x87, 0x8a, 0x87, 0x8a, 0x87, 0x8a, 0x87, 0x8a, 0x87, 0x8a,
  0x87, 0x8a, 0x87, 0x8a, 0x87, 0x8a, 0x87, 0x8a, 0x87, 0x8a, 0x87, 0x8a, 0x87, 0x8a, 0x87, 0x8a,
  0x87, 0x8a, 0x87, 0x8a, 0x87, 0x8a, 0x87, 0x8a, 0x87, 0x8a, 0x87, 0x8a, 0x87, 0x8a, 0x87, 0x8a,
  0x87, 0x8a, 0x87, 0x8a, 0x87, 0x8a, 0x87, 0x8a, 0x87, 0x8a, 0x87, 0x8a, 0x87, 0x8a, 0x87, 0x8a,
  0x87, 0x8a, 0x87, 0x8a, 0x87, 0x8a, 0x87, 0x8a, 0x87, 0x8a, 0x87, 0x8a, 0x87, 0x8a, 0x87, 0x8a,
  0x87, 0x8a, 0x87, 0x8a, 0x87, 0x8a, 0x87, 0x8a, 0x87, 0x8a, 0x87, 0x8a, 0x87, 0x8a, 0x87, 0x8a,
  0x87, 0x8a, 0x87, 0x8a, 0x87, 0x8a, 0x87, 0x8a, 0x87, 0x8a, 0x87, 0x8a, 0x87, 0x8a, 0x87, 0x8a,
  0x87, 0x8a, 0x87, 0x8a, 0x87, 0x8a, 0x87, 0x8a, 0x87, 0x8a, 0x87, 0x8a, 0x87, 0x8a, 0x87, 0x8a,
  0x87, 0x8a, 0x87, 0x8a, 0x87, 0x8a, 0x87, 0x8a, 0x87, 0x8a, 0x87, 0x8a, 0x87, 0x8a, 0x87, 0x8a,
  0x87, 0x8a, 0x87, 0x8a, 0x87, 0x8a, 0x87, 0x8a, 0x87, 0x8a, 0x87, 0x8a, 0x87, 0x8a, 0x87, 0x8a,
  0x87, 0x8a, 0x87, 0x8a, 0x87, 0x8a, 0x87, 0x8a, 0x87, 0x8a, 0x87, 0x8a, 0x87, 0x8a, 0x87, 0x8a,
  0x87, 0x8a, 0x87, 0x8a, 0x87, 0x8a, 0x87, 0x8a, 0x87, 0x8a, 0x87, 0x8a, 0x87, 0x8a, 0x87, 0x8a,
  0x87, 0x8a, 0xe8, 0x9a, 0x48, 0xab, 0xa9, 0xbb, 0x09, 0xc4, 0x69, 0xd4, 0xaa, 0xe4, 0x0a, 0xed,
  0x4b, 0xf5, 0xef, 0xfe, 0xef, 0xfe, 0xef, 0xfe, 0xef, 0xfe, 0xef, 0xfe, 0xef, 0xfe, 0xef, 0xfe,
  0xef, 0xfe, 0xef, 0xfe, 0xef, 0xfe, 0xef, 0xfe, 0xef, 0xfe, 0xef, 0xfe, 0xef, 0xfe, 0xef, 0xfe,
  0x4b, 0xf5, 0x0a, 0xed, 0xaa, 0xe4, 0x69, 0xd4, 0x09, 0xc4, 0xa9, 0xbb, 0x48, 0xab, 0xe8, 0x9a,
  0x87, 0x8a, 0x87, 0x8a, 0x87, 0x8a, 0x87, 0x8a, 0x87, 0x8a, 0x87, 0x8a, 0x87, 0x8a, 0x87, 0x8a,
  0x87, 0x8a, 0x87, 0x8a, 0x87, 0x8a, 0x87, 0x8a, 0x87, 0x8a, 0x87, 0x8a, 0x87, 0x8a, 0x87, 0x8a,
  0x87, 0x8a, 0x87, 0x8a, 0x87, 0x8a, 0x87, 0x8a, 0x87, 0x8a, 0x87, 0x8a, 0x87, 0x8a, 0x87, 0x8a,
  0x87, 0x8a, 0x87, 0x8a, 0x87, 0x8a, 0x87, 0x8a, 0x87, 0x8a, 0x87, 0x8a, 0x87, 0x8a, 0x87, 0x8a,
  0xa7, 0x92, 0xa7, 0x92, 0xa7, 0x92, 0xa7, 0x92, 0xa7, 0x92, 0xa7, 0x92, 0xa7, 0x92, 0xa7, 0x92,
  0xa7, 0x92, 0xa7, 0x92, 0xa7, 0x92, 0xa7, 0x92, 0xa7, 0x92, 0xa7, 0x92, 0xa7, 0x92, 0xa7, 0x92,
  0xa7, 0x92, 0xa7, 0x92, 0xa7, 0x92, 0xa7, 0x92, 0xa7, 0x92, 0xa7, 0x92, 0xa7, 0x92, 0xa7, 0x92,
  0xa7, 0x92, 0xa7, 0x92, 0xa7, 0x92, 0xa7, 0x92, 0xa7, 0x92, 0xa7, 0x92, 0xa7, 0x92, 0xa7, 0x92,
  0xa7, 0x92, 0xa7, 0x92, 0xa7, 0x92, 0xa7, 0x92, 0xa7, 0x92, 0xa7, 0x92, 0xa7, 0x92, 0xa7, 0x92,
  0xa7, 0x92, 0xa7, 0x92, 0xa7, 0x92, 0xa7, 0x92, 0xa7, 0x92, 0xa7, 0x92, 0xa7, 0x92, 0xa7, 0x92,
  0xa7, 0x92, 0xa7, 0x92, 0xa7, 0x92, 0xa7, 0x92, 0xa7, 0x92, 0xa7, 0x92, 0xa7, 0x92, 0xa7, 0x92,
  0xa7, 0x92, 0xa7, 0x92, 0xa7, 0x92, 0xa7, 0x92, 0xa7, 0x92, 0xa7, 0x92, 0xa7, 0x92, 0xa7, 0x92,
  0xe7, 0x9a, 0x48, 0xab, 0xa8, 0xbb, 0x09, 0xcc, 0x69, 0xd4, 0xca, 0xe4, 0x0a, 0xed, 0x6b, 0xfd,
  0xef, 0xfe, 0xef, 0xfe, 0xef, 0xfe, 0xef, 0xfe, 0xef, 0xfe, 0xef, 0xfe, 0xef, 0xfe, 0xef, 0xfe,
  0xef, 0xfe, 0xef, 0xfe, 0xef, 0xfe, 0xef, 0xfe, 0xef, 0xfe, 0xef, 0xfe, 0xef, 0xfe, 0xef, 0xfe,
  0xef, 0xfe, 0x6b, 0xfd, 0x0a, 0xed, 0xca, 0xe4, 0x69, 0xd4, 0x09, 0xcc, 0xa8, 0xbb, 0x48, 0xab,
  0xe7, 0x9a, 0xa7, 0x92, 0xa7, 0x92, 0xa7, 0x92, 0xa7, 0x92, 0xa7, 0x92, 0xa7, 0x92, 0xa7, 0x92,
  0xa7, 0x92, 0xa7, 0x92, 0xa7, 0x92, 0xa7, 0x92, 0xa7, 0x92, 0xa7, 0x92, 0xa7, 0x92, 0xa7, 0x92,
  0xa7, 0x92, 0xa7, 0x92, 0xa7, 0x92, 0xa7, 0x92, 0xa7, 0x92, 0xa7, 0x92, 0xa7, 0x92, 0xa7, 0x92,
  0xa7, 0x92, 0xa7, 0x92, 0xa7, 0x92, 0xa7, 0x92, 0xa7, 0x92, 0xa7, 0x92, 0xa7, 0x92, 0xa7, 0x92,
  0xa7, 0x92, 0xa7, 0x92, 0xa7, 0x92, 0xa7, 0x92, 0xa7, 0x92, 0xa7, 0x92, 0xa7, 0x92, 0xa7, 0x92,
  0xa7, 0x92, 0xa7, 0x92, 0xa7, 0x92, 0xa7, 0x92, 0xa7, 0x92, 0xa7, 0x92, 0xa7, 0x92, 0xa7, 0x92,
  0xa7, 0x92, 0xa7, 0x92, 0xa7, 0x92, 0xa7, 0x92, 0xa7, 0x92, 0xa7, 0x92, 0xa7, 0x92, 0xa7, 0x92,
  0xa7, 0x92, 0xa7, 0x92, 0xa7, 0x92, 0xa7, 0x92, 0xa7, 0x92, 0xa7, 0x92, 0xa7, 0x92, 0xa7, 0x92,
  0xa7, 0x92, 0xa7, 0x92, 0xa7, 0x92, 0xa7, 0x92, 0xa7, 0x92, 0xa7, 0x92, 0xa7, 0x92, 0xa7, 0x92,
  0xa7, 0x92, 0xa7, 0x92, 0xa7, 0x92, 0xa7, 0x92, 0xa7, 0x92, 0xa7, 0x92, 0xa7, 0x92, 0xa7, 0x92,
  0xa7, 0x92, 0xa7, 0x92, 0xa7, 0x92, 0xa7, 0x92, 0xa7, 0x92, 0xa7, 0x92, 0xa7, 0x92, 0xa7, 0x92,
  0xa7, 0x92, 0xa7, 0x92, 0xa7, 0x92, 0xa7, 0x92, 0xa7, 0x92, 0xa7, 0x92, 0xa7, 0x92, 0xc7, 0x9a,
  0x28, 0xab, 0x88, 0xb3, 0x09, 0xc4, 0x69, 0xd4, 0xca, 0xe4, 0x0a, 0xed, 0x6b, 0xfd, 0xef, 0xfe,
  0xef, 0xfe, 0xef, 0xfe, 0xef, 0xfe, 0xef, 0xfe, 0xef, 0xfe, 0xef, 0xfe, 0xef, 0xfe, 0xef, 0xfe,
  0xef, 0xfe, 0xef, 0xfe, 0xef, 0xfe, 0xef, 0xfe, 0xef, 0xfe, 0xef, 0xfe, 0xef, 0xfe, 0xef, 0xfe,
  0xef, 0xfe, 0xef, 0xfe, 0x6b, 0xfd, 0x0a, 0xed, 0xca, 0xe4, 0x69, 0xd4, 0x09, 0xc4, 0x88, 0xb3,
  0x28, 0xab, 0xc7, 0x9a, 0xa7, 0x92, 0xa7, 0x92, 0xa7, 0x92, 0xa7, 0x92, 0xa7, 0x92, 0xa7, 0x92,
  0xa7, 0x92, 0xa7, 0x92, 0xa7, 0x92, 0xa7, 0x92, 0xa7, 0x92, 0xa7, 0x92, 0xa7, 0x92, 0xa7, 0x92,
  0xa7, 0x92, 0xa7, 0x92, 0xa7, 0x92, 0xa7, 0x92, 0xa7, 0x92, 0xa7, 0x92, 0xa7, 0x92, 0xa7, 0x92,
  0xa7, 0x92, 0xa7, 0x92, 0xa7, 0x92, 0xa7, 0x92, 0xa7, 0x92, 0xa7, 0x92, 0xa7, 0x92, 0xa7, 0x92,
  0xa7, 0x92, 0xa7, 0x92, 0xa7, 0x92, 0xa7, 0x92, 0xa7, 0x92, 0xa7, 0x92, 0xa7, 0x92, 0xa7, 0x92,
  0xa7, 0x92, 0xa7, 0x92, 0xa7, 0x92, 0xa7, 0x92, 0xa7, 0x92, 0xa7, 0x92, 0xa7, 0x92, 0xa7, 0x92,
  0xa7, 0x92, 0xa7, 0x92, 0xa7, 0x92, 0xa7, 0x92, 0xa7, 0x92, 0xa7, 0x92, 0xa7, 0x92, 0xa7, 0x92,
  0xa7, 0x92, 0xa7, 0x92, 0xa7, 0x92, 0xa7, 0x92, 0xa7, 0x92, 0xa7, 0x92, 0xa7, 0x92, 0xa7, 0x92,
  0xa7, 0x92, 0xa7, 0x92, 0xa7, 0x92, 0xa7, 0x92, 0xa7, 0x92, 0xa7, 0x92, 0xa7, 0x92, 0xa7, 0x92,
  0xa7, 0x92, 0xa7, 0x92, 0xa7, 0x92, 0xa7, 0x92, 0xa7, 0x92, 0xa7, 0x92, 0xa7, 0x92, 0xa7, 0x92,
  0xa7, 0x92, 0xa7, 0x92, 0xa7, 0x92, 0xa7, 0x92, 0xa7, 0x92, 0xa7, 0x92, 0xa7, 0x92, 0xa7, 0x92,
  0xa7, 0x92, 0xa7, 0x92, 0xa7, 0x92, 0xa7, 0x92, 0xa7, 0x92, 0xa7, 0x92, 0xa7, 0x92, 0x07, 0xa3,
  0x68, 0xb3, 0xe8, 0xc3, 0x49, 0xd4, 0xaa, 0xdc, 0x0a, 0xed, 0x6b, 0xfd, 0xef, 0xfe, 0xef, 0xfe,
  0xef, 0xfe, 0xef, 0xfe, 0xef, 0xfe, 0xef, 0xfe, 0xef, 0xfe, 0xef, 0xfe, 0xef, 0xfe, 0xef, 0xfe,
  0xef, 0xfe, 0xef, 0xfe, 0xef, 0xfe, 0xef, 0xfe, 0xef, 0xfe, 0xef, 0xfe, 0xef, 0xfe, 0xef, 0xfe,
  0xef, 0xfe, 0xef, 0xfe, 0xef, 0xfe, 0x6b, 0xfd, 0x0a, 0xed, 0xaa, 0xdc, 0x49, 0xd4, 0xe8, 0xc3,
  0x68, 0xb3, 0x07, 0xa3, 0xa7, 0x92, 0xa7, 0x92, 0xa7, 0x92, 0xa7, 0x92, 0xa7, 0x92, 0xa7, 0x92,
  0xa7, 0x92, 0xa7, 0x92, 0xa7, 0x92, 0xa7, 0x92, 0xa7, 0x92, 0xa7, 0x92, 0xa7, 0x92, 0xa7, 0x92,
  0xa7, 0x92, 0xa7, 0x92, 0xa7, 0x92, 0xa7, 0x92, 0xa7, 0x92, 0xa7, 0x92, 0xa7, 0x92, 0xa7, 0x92,
  0xa7, 0x92, 0xa7, 0x92, 0xa7, 0x92, 0xa7, 0x92, 0xa7, 0x92, 0xa7, 0x92, 0xa7, 0x92, 0xa7, 0x92,
  0xc7, 0x9a, 0xc7, 0x9a, 0xc7, 0x9a, 0xc7, 0x9a, 0xc7, 0x9a, 0xc7, 0x9a, 0xc7, 0x9a, 0xc7, 0x9a,
  0xc7, 0x9a, 0xc7, 0x9a, 0xc7, 0x9a, 0xc7, 0x9a, 0xc7, 0x9a, 0xc7, 0x9a, 0xc7, 0x9a, 0xc7, 0x9a,
  0xc7, 0x9a, 0xc7, 0x9a, 0xc7, 0x9a, 0xc7, 0x9a, 0xc7, 0x9a, 0xc7, 0x9a, 0xc7, 0x9a, 0xc7, 0x9a,
  0xc7, 0x9a, 0xc7, 0x9a, 0xc7, 0x9a, 0xc7, 0x9a, 0xc7, 0x9a, 0xc7, 0x9a, 0xc7, 0x9a, 0xc7, 0x9a,
  0xc7, 0x9a, 0xc7, 0x9a, 0xc7, 0x9a, 0xc7, 0x9a, 0xc7, 0x9a, 0xc7, 0x9a, 0xc7, 0x9a, 0xc7, 0x9a,
  0xc7, 0x9a, 0xc7, 0x9a, 0xc7, 0x9a, 0xc7, 0x9a, 0xc7, 0x9a, 0xc7, 0x9a, 0xc7, 0x9a, 0xc7, 0x9a,
  0xc7, 0x9a, 0xc7, 0x9a, 0xc7, 0x9a, 0xc7, 0x9a, 0xc7, 0x9a, 0xc7, 0x9a, 0xc7, 0x9a, 0xc7, 0x9a,
  0xc7, 0x9a, 0xc7, 0x9a, 0xc7, 0x9a, 0xc7, 0x9a, 0xc7, 0x9a, 0xc7, 0x9a, 0xe7, 0x9a, 0x48, 0xab,
  0xa8, 0xbb, 0x29, 0xcc, 0x89, 0xdc, 0xea, 0xec, 0x4a, 0xf5, 0xef, 0xfe, 0xef, 0xfe, 0xef, 0xfe,
  0xef, 0xfe, 0xef, 0xfe, 0xef, 0xfe, 0xef, 0xfe, 0xef, 0xfe, 0xef, 0xfe, 0xef, 0xfe, 0xef, 0xfe,
  0xef, 0xfe, 0xef, 0xfe, 0xef, 0xfe, 0xef, 0xfe, 0xef, 0xfe, 0xef, 0xfe, 0xef, 0xfe, 0xef, 0xfe,
  0xef, 0xfe, 0xef, 0xfe, 0xef, 0xfe, 0xef, 0xfe, 0x4a, 0xf5, 0xea, 0xec, 0x89, 0xdc, 0x29, 0xcc,
  0xa8, 0xbb, 0x48, 0xab, 0xe7, 0x9a, 0xc7, 0x9a, 0xc7, 0x9a, 0xc7, 0x9a, 0xc7, 0x9a, 0xc7, 0x9a,
  0xc7, 0x9a, 0xc7, 0x9a, 0xc7, 0x9a, 0xc7, 0x9a, 0xc7, 0x9a, 0xc7, 0x9a, 0xc7, 0x9a, 0xc7, 0x9a,
  0xc7, 0x9a, 0xc7, 0x9a, 0xc7, 0x9a, 0xc7, 0x9a, 0xc7, 0x9a, 0xc7, 0x9a, 0xc7, 0x9a, 0xc7, 0x9a,
  0xc7, 0x9a, 0xc7, 0x9a, 0xc7, 0x9a, 0xc7, 0x9a, 0xc7, 0x9a, 0xc7, 0x9a, 0xc7, 0x9a, 0xc7, 0x9a,
  0xc7, 0x9a, 0xc7, 0x9a, 0xc7, 0x9a, 0xc7, 0x9a, 0xc7, 0x9a, 0xc7, 0x9a, 0xc7, 0x9a, 0xc7, 0x9a,
  0xc7, 0x9a, 0xc7, 0x9a, 0xc7, 0x9a, 0xc7, 0x9a, 0xc7, 0x9a, 0xc7, 0x9a, 0xc7, 0x9a, 0xc7, 0x9a,
  0xc7, 0x9a, 0xc7, 0x9a, 0xc7, 0x9a, 0xc7, 0x9a, 0xc7, 0x9a, 0xc7, 0x9a, 0xc7, 0x9a, 0xc7, 0x9a,
  0xc7, 0x9a, 0xc7, 0x9a, 0xc7, 0x9a, 0xc7, 0x9a, 0xc7, 0x9a, 0xc7, 0x9a, 0xc7, 0x9a, 0xc7, 0x9a,
  0xc7, 0x9a, 0xc7, 0x9a, 0xc7, 0x9a, 0xc7, 0x9a, 0xc7, 0x9a, 0xc7, 0x9a, 0xc7, 0x9a, 0xc7, 0x9a,
  0xc7, 0x9a, 0xc7, 0x9a, 0xc7, 0x9a, 0xc7, 0x9a, 0xc7, 0x9a, 0xc7, 0x9a, 0xc7, 0x9a, 0xc7, 0x9a,
  0xc7, 0x9a, 0xc7, 0x9a, 0xc7, 0x9a, 0xc7, 0x9a, 0xc7, 0x9a, 0xc7, 0x9a, 0xc7, 0x9a, 0xc7, 0x9a,
  0xc7, 0x9a, 0xc7, 0x9a, 0xc7, 0x9a, 0xc7, 0x9a, 0xc7, 0x9a, 0xc7, 0x9a, 0x07, 0xab, 0x88, 0xb3,
  0xe8, 0xc3, 0x69, 0xd4, 0xca, 0xe4, 0x2a, 0xf5, 0xef, 0xfe, 0xef, 0xfe, 0xef, 0xfe, 0xef, 0xfe,
  0xef, 0xfe, 0xef, 0xfe, 0xef, 0xfe, 0xef, 0xfe, 0xef, 0xfe, 0xef, 0xfe, 0xef, 0xfe, 0xef, 0xfe,
  0xef, 0xfe, 0xef, 0xfe, 0xef, 0xfe, 0xef, 0xfe, 0xef, 0xfe, 0xef, 0xfe, 0xef, 0xfe, 0xef, 0xfe,
  0xef, 0xfe, 0xef, 0xfe, 0xef, 0xfe, 0xef, 0xfe, 0xef, 0xfe, 0x2a, 0xf5, 0xca, 0xe4, 0x69, 0xd4,
  0xe8, 0xc3, 0x88, 0xb3, 0x07, 0xab, 0xc7, 0x9a, 0xc7, 0x9a, 0xc7, 0x9a, 0xc7, 0x9a, 0xc7, 0x9a,
  0xc7, 0x9a, 0xc7, 0x9a, 0xc7, 0x9a, 0xc7, 0x9a, 0xc7, 0x9a, 0xc7, 0x9a, 0xc7, 0x9a, 0xc7, 0x9a,
  0xc7, 0x9a, 0xc7, 0x9a, 0xc7, 0x9a, 0xc7, 0x9a, 0xc7, 0x9a, 0xc7, 0x9a, 0xc7, 0x9a, 0xc7, 0x9a,
  0xc7, 0x9a, 0xc7, 0x9a, 0xc7, 0x9a, 0xc7, 0x9a, 0xc7, 0x9a, 0xc7, 0x9a, 0xc7, 0x9a, 0xc7, 0x9a,
  0xc7, 0x9a, 0xc7, 0x9a, 0xc7, 0x9a, 0xc7, 0x9a, 0xc7, 0x9a, 0xc7, 0x9a, 0xc7, 0x9a, 0xc7, 0x9a,
  0xc7, 0x9a, 0xc7, 0x9a, 0xc7, 0x9a, 0xc7, 0x9a, 0xc7, 0x9a, 0xc7, 0x9a, 0xc7, 0x9a, 0xc7, 0x9a,
  0xc7, 0x9a, 0xc7, 0x9a, 0xc7, 0x9a, 0xc7, 0x9a, 0xc7, 0x9a, 0xc7, 0x9a, 0xc7, 0x9a, 0xc7, 0x9a,
  0xc7, 0x9a, 0xc7, 0x9a, 0xc7, 0x9a, 0xc7, 0x9a, 0xc7, 0x9a, 0xc7, 0x9a, 0xc7, 0x9a, 0xc7, 0x9a,
  0xc7, 0x9a, 0xc7, 0x9a, 0xc7, 0x9a, 0xc7, 0x9a, 0xc7, 0x9a, 0xc7, 0x9a, 0xc7, 0x9a, 0xc7, 0x9a,
  0xc7, 0x9a, 0xc7, 0x9a, 0xc7, 0x9a, 0xc7, 0x9a, 0xc7, 0x9a, 0xc7, 0x9a, 0xc7, 0x9a, 0xc7, 0x9a,
  0xc7, 0x9a, 0xc7, 0x9a, 0xc7, 0x9a, 0xc7, 0x9a, 0xc7, 0x9a, 0xc7, 0x9a, 0xc7, 0x9a, 0xc7, 0x9a,
  0xc7, 0x9a, 0xc7, 0x9a, 0xc7, 0x9a, 0xc7, 0x9a, 0xc7, 0x9a, 0xe7, 0xa2, 0x47, 0xb3, 0xa8, 0xbb,
  0x28, 0xcc, 0x89, 0xdc, 0x0a, 0xed, 0x6a, 0xfd, 0xef, 0xfe, 0xef, 0xfe, 0xef, 0xfe, 0xef, 0xfe,
  0xef, 0xfe, 0xef, 0xfe, 0xef, 0xfe, 0xef, 0xfe, 0xef, 0xfe, 0xef, 0xfe, 0xef, 0xfe, 0xef, 0xfe,
  0xef, 0xfe, 0xef, 0xfe, 0xef, 0xfe, 0xef, 0xfe, 0xef, 0xfe, 0xef, 0xfe, 0xef, 0xfe, 0xef, 0xfe,
  0xef, 0xfe, 0xef, 0xfe, 0xef, 0xfe, 0xef, 0xfe, 0xef, 0xfe, 0x6a, 0xfd, 0x0a, 0xed, 0x89, 0xdc,
  0x28, 0xcc, 0xa8, 0xbb, 0x47, 0xb3, 0xe7, 0xa2, 0xc7, 0x9a, 0xc7, 0x9a, 0xc7, 0x9a, 0xc7, 0x9a,
  0xc7, 0x9a, 0xc7, 0x9a, 0xc7, 0x9a, 0xc7, 0x9a, 0xc7, 0x9a, 0xc7, 0x9a, 0xc7, 0x9a, 0xc7, 0x9a,
  0xc7, 0x9a, 0xc7, 0x9a, 0xc7, 0x9a, 0xc7, 0x9a, 0xc7, 0x9a, 0xc7, 0x9a, 0xc7, 0x9a, 0xc7, 0x9a,
  0xc7, 0x9a, 0xc7, 0x9a, 0xc7, 0x9a, 0xc7, 0x9a, 0xc7, 0x9a, 0xc7, 0x9a, 0xc7, 0x9a, 0xc7, 0x9a,
  0xe6, 0xa2, 0xe6, 0xa2, 0xe6, 0xa2, 0xe6, 0xa2, 0xe6, 0xa2, 0xe6, 0xa2, 0xe6, 0xa2, 0xe6, 0xa2,
  0xe6, 0xa2, 0xe6, 0xa2, 0xe6, 0xa2, 0xe6, 0xa2, 0xe6, 0xa2, 0xe6, 0xa2, 0xe6, 0xa2, 0xe6, 0xa2,
  0xe6, 0xa2, 0xe6, 0xa2, 0xe6, 0xa2, 0xe6, 0xa2, 0xe6, 0xa2, 0xe6, 0xa2, 0xe6, 0xa2, 0xe6, 0xa2,
  0xe6, 0xa2, 0xe6, 0xa2, 0xe6, 0xa2, 0xe6, 0xa2, 0xe6, 0xa2, 0xe6, 0xa2, 0xe6, 0xa2, 0xe6, 0xa2,
  0xe6, 0xa2, 0xe6, 0xa2, 0xe6, 0xa2, 0xe6, 0xa2, 0xe6, 0xa2, 0xe6, 0xa2, 0xe6, 0xa2, 0xe6, 0xa2,
  0xe6, 0xa2, 0xe6, 0xa2, 0xe6, 0xa2, 0xe6, 0xa2, 0xe6, 0xa2, 0xe6, 0xa2, 0xe6, 0xa2, 0xe6, 0xa2,
  0xe6, 0xa2, 0xe6, 0xa2, 0xe6, 0xa2, 0xe6, 0xa2, 0xe6, 0xa2, 0xe6, 0xa2, 0xe6, 0xa2, 0xe6, 0xa2,
  0xe6, 0xa2, 0xe6, 0xa2, 0xe6, 0xa2, 0xe6, 0xa2, 0xe6, 0xa2, 0x07, 0xa3, 0x67, 0xb3, 0xe8, 0xc3,
  0x49, 0xd4, 0xc9, 0xe4, 0x2a, 0xf5, 0xef, 0xfe, 0xef, 0xfe, 0xef, 0xfe, 0xef, 0xfe, 0xef, 0xfe,
  0xef, 0xfe, 0xef, 0xfe, 0xef, 0xfe, 0xef, 0xfe, 0xef, 0xfe, 0xef, 0xfe, 0xef, 0xfe, 0xef, 0xfe,
  0xef, 0xfe, 0xef, 0xfe, 0xef, 0xfe, 0xef, 0xfe, 0xef, 0xfe, 0xef, 0xfe, 0xef, 0xfe, 0xef, 0xfe,
  0xef, 0xfe, 0xef, 0xfe, 0xef, 0xfe, 0xef, 0xfe, 0xef, 0xfe, 0xef, 0xfe, 0x2a, 0xf5, 0xc9, 0xe4,
  0x49, 0xd4, 0xe8, 0xc3, 0x67, 0xb3, 0x07, 0xa3, 0xe6, 0xa2, 0xe6, 0xa2, 0xe6, 0xa2, 0xe6, 0xa2,
  0xe6, 0xa2, 0xe6, 0xa2, 0xe6, 0xa2, 0xe6, 0xa2, 0xe6, 0xa2, 0xe6, 0xa2, 0xe6, 0xa2, 0xe6, 0xa2,
  0xe6, 0xa2, 0xe6, 0xa2, 0xe6, 0xa2, 0xe6, 0xa2, 0xe6, 0xa2, 0xe6, 0xa2, 0xe6, 0xa2, 0xe6, 0xa2,
  0xe6, 0xa2, 0xe6, 0xa2, 0xe6, 0xa2, 0xe6, 0xa2, 0xe6, 0xa2, 0xe6, 0xa2, 0xe6, 0xa2, 0xe6, 0xa2,
  0xe6, 0xa2, 0xe6, 0xa2, 0xe6, 0xa2, 0xe6, 0xa2, 0xe6, 0xa2, 0xe6, 0xa2, 0xe6, 0xa2, 0xe6, 0xa2,
  0xe6, 0xa2, 0xe6, 0xa2, 0xe6, 0xa2, 0xe6, 0xa2, 0xe6, 0xa2, 0xe6, 0xa2, 0xe6, 0xa2, 0xe6, 0xa2,
  0xe6, 0xa2, 0xe6, 0xa2, 0xe6, 0xa2, 0xe6, 0xa2, 0xe6, 0xa2, 0xe6, 0xa2, 0xe6, 0xa2, 0xe6, 0xa2,
  0xe6, 0xa2, 0xe6, 0xa2, 0xe6, 0xa2, 0xe6, 0xa2, 0xe6, 0xa2, 0xe6, 0xa2, 0xe6, 0xa2, 0xe6, 0xa2,
  0xe6, 0xa2, 0xe6, 0xa2, 0xe6, 0xa2, 0xe6, 0xa2, 0xe6, 0xa2, 0xe6, 0xa2, 0xe6, 0xa2, 0xe6, 0xa2,
  0xe6, 0xa2, 0xe6, 0xa2, 0xe6, 0xa2, 0xe6, 0xa2, 0xe6, 0xa2, 0xe6, 0xa2, 0xe6, 0xa2, 0xe6, 0xa2,
  0xe6, 0xa2, 0xe6, 0xa2, 0xe6, 0xa2, 0xe6, 0xa2, 0xe6, 0xa2, 0xe6, 0xa2, 0xe6, 0xa2, 0xe6, 0xa2,
  0xe6, 0xa2, 0xe6, 0xa2, 0xe6, 0xa2, 0xe6, 0xa2, 0xe6, 0xa2, 0x27, 0xab, 0xa7, 0xbb, 0x08, 0xcc,
  0x69, 0xdc, 0xe9, 0xec, 0x4a, 0xf5, 0xef, 0xfe, 0xef, 0xfe, 0xef, 0xfe, 0xef, 0xfe, 0xef, 0xfe,
  0xef, 0xfe, 0xef, 0xfe, 0xef, 0xfe, 0xef, 0xfe, 0xef, 0xfe, 0xef, 0xfe, 0xef, 0xfe, 0xef, 0xfe,
  0xef, 0xfe, 0xef, 0xfe, 0xef, 0xfe, 0xef, 0xfe, 0xef, 0xfe, 0xef, 0xfe, 0xef, 0xfe, 0xef, 0xfe,
  0xef, 0xfe, 0xef, 0xfe, 0xef, 0xfe, 0xef, 0xfe, 0xef, 0xfe, 0xef, 0xfe, 0x4a, 0xf5, 0xe9, 0xec,
  0x69, 0xdc, 0x08, 0xcc, 0xa7, 0xbb, 0x27, 0xab, 0xe6, 0xa2, 0xe6, 0xa2, 0xe6, 0xa2, 0xe6, 0xa2,
  0xe6, 0xa2, 0xe6, 0xa2, 0xe6, 0xa2, 0xe6, 0xa2, 0xe6, 0xa2, 0xe6, 0xa2, 0xe6, 0xa2, 0xe6, 0xa2,
  0xe6, 0xa2, 0xe6, 0xa2, 0xe6, 0xa2, 0xe6, 0xa2, 0xe6, 0xa2, 0xe6, 0xa2, 0xe6, 0xa2, 0xe6, 0xa2,
  0xe6, 0xa2, 0xe6, 0xa2, 0xe6, 0xa2, 0xe6, 0xa2, 0xe6, 0xa2, 0xe6, 0xa2, 0xe6, 0xa2, 0xe6, 0xa2,
  0xe6, 0xa2, 0xe6, 0xa2, 0xe6, 0xa2, 0xe6, 0xa2, 0xe6, 0xa2, 0xe6, 0xa2, 0xe6, 0xa2, 0xe6, 0xa2,
  0xe6, 0xa2, 0xe6, 0xa2, 0xe6, 0xa2, 0xe6, 0xa2, 0xe6, 0xa2, 0xe6, 0xa2, 0xe6, 0xa2, 0xe6, 0xa2,
  0xe6, 0xa2, 0xe6, 0xa2, 0xe6, 0xa2, 0xe6, 0xa2, 0xe6, 0xa2, 0xe6, 0xa2, 0xe6, 0xa2, 0xe6, 0xa2,
  0xe6, 0xa2, 0xe6, 0xa2, 0xe6, 0xa2, 0xe6, 0xa2, 0xe6, 0xa2, 0xe6, 0xa2, 0xe6, 0xa2, 0xe6, 0xa2,
  0xe6, 0xa2, 0xe6, 0xa2, 0xe6, 0xa2, 0xe6, 0xa2, 0xe6, 0xa2, 0xe6, 0xa2, 0xe6, 0xa2, 0xe6, 0xa2,
  0xe6, 0xa2, 0xe6, 0xa2, 0xe6, 0xa2, 0xe6, 0xa2, 0xe6, 0xa2, 0xe6, 0xa2, 0xe6, 0xa2, 0xe6, 0xa2,
  0xe6, 0xa2, 0xe6, 0xa2, 0xe6, 0xa2, 0xe6, 0xa2, 0xe6, 0xa2, 0xe6, 0xa2, 0xe6, 0xa2, 0xe6, 0xa2,
  0xe6, 0xa2, 0xe6, 0xa2, 0xe6, 0xa2, 0xe6, 0xa2, 0xe6, 0xa2, 0x47, 0xb3, 0xa7, 0xc3, 0x28, 0xcc,
  0x89, 0xdc, 0x0a, 0xed, 0x6a, 0xfd, 0xef, 0xfe, 0xef, 0xfe, 0xef, 0xfe, 0xef, 0xfe, 0xef, 0xfe,
  0xef, 0xfe, 0xef, 0xfe, 0xef, 0xfe, 0xef, 0xfe, 0xef, 0xfe, 0xef, 0xfe, 0xef, 0xfe, 0xef, 0xfe,
  0xef, 0xfe, 0xef, 0xfe, 0xef, 0xfe, 0xef, 0xfe, 0xef, 0xfe, 0xef, 0xfe, 0xef, 0xfe, 0xef, 0xfe,
  0xef, 0xfe, 0xef, 0xfe, 0xef, 0xfe, 0xef, 0xfe, 0xef, 0xfe, 0xef, 0xfe, 0x6a, 0xfd, 0x0a, 0xed,
  0x89, 0xdc, 0x28, 0xcc, 0xa7, 0xc3, 0x47, 0xb3, 0xe6, 0xa2, 0xe6, 0xa2, 0xe6, 0xa2, 0xe6, 0xa2,
  0xe6, 0xa2, 0xe6, 0xa2, 0xe6, 0xa2, 0xe6, 0xa2, 0xe6, 0xa2, 0xe6, 0xa2, 0xe6, 0xa2, 0xe6, 0xa2,
  0xe6, 0xa2, 0xe6, 0xa2, 0xe6, 0xa2, 0xe6, 0xa2, 0xe6, 0xa2, 0xe6, 0xa2, 0xe6, 0xa2, 0xe6, 0xa2,
  0xe6, 0xa2, 0xe6, 0xa2, 0xe6, 0xa2, 0xe6, 0xa2, 0xe6, 0xa2, 0xe6, 0xa2, 0xe6, 0xa2, 0xe6, 0xa2,
  0x06, 0xab, 0x06, 0xab, 0x06, 0xab, 0x06, 0xab, 0x06, 0xab, 0x06, 0xab, 0x06, 0xab, 0x06, 0xab,
  0x06, 0xab, 0x06, 0xab, 0x06, 0xab, 0x06, 0xab, 0x06, 0xab, 0x06, 0xab, 0x06, 0xab, 0x06, 0xab,
  0x06, 0xab, 0x06, 0xab, 0x06, 0xab, 0x06, 0xab, 0x06, 0xab, 0x06, 0xab, 0x06, 0xab, 0x06, 0xab,
  0x06, 0xab, 0x06, 0xab, 0x06, 0xab, 0x06, 0xab, 0x06, 0xab, 0x06, 0xab, 0x06, 0xab, 0x06, 0xab,
  0x06, 0xab, 0x06, 0xab, 0x06, 0xab, 0x06, 0xab, 0x06, 0xab, 0x06, 0xab, 0x06, 0xab, 0x06, 0xab,
  0x06, 0xab, 0x06, 0xab, 0x06, 0xab, 0x06, 0xab, 0x06, 0xab, 0x06, 0xab, 0x06, 0xab, 0x06, 0xab,
  0x06, 0xab, 0x06, 0xab, 0x06, 0xab, 0x06, 0xab, 0x06, 0xab, 0x06, 0xab, 0x06, 0xab, 0x06, 0xab,
  0x06, 0xab, 0x06, 0xab, 0x06, 0xab, 0x06, 0xab, 0x06, 0xab, 0x67, 0xb3, 0xc8, 0xc3, 0x48, 0xd4,
  0xa9, 0xe4, 0x0a, 0xed, 0x8a, 0xfd, 0xef, 0xfe, 0xef, 0xfe, 0xef, 0xfe, 0xef, 0xfe, 0xef, 0xfe,
  0xef, 0xfe, 0xef, 0xfe, 0xef, 0xfe, 0xef, 0xfe, 0xef, 0xfe, 0xef, 0xfe, 0xef, 0xfe, 0xef, 0xfe,
  0xef, 0xfe, 0xef, 0xfe, 0xef, 0xfe, 0xef, 0xfe, 0xef, 0xfe, 0xef, 0xfe, 0xef, 0xfe, 0xef, 0xfe,
  0xef, 0xfe, 0xef, 0xfe, 0xef, 0xfe, 0xef, 0xfe, 0xef, 0xfe, 0xef, 0xfe, 0x8a, 0xfd, 0x0a, 0xed,
  0xa9, 0xe4, 0x48, 0xd4, 0xc8, 0xc3, 0x67, 0xb3, 0x06, 0xab, 0x06, 0xab, 0x06, 0xab, 0x06, 0xab,
  0x06, 0xab, 0x06, 0xab, 0x06, 0xab, 0x06, 0xab, 0x06, 0xab, 0x06, 0xab, 0x06, 0xab, 0x06, 0xab,
  0x06, 0xab, 0x06, 0xab, 0x06, 0xab, 0x06, 0xab, 0x06, 0xab, 0x06, 0xab, 0x06, 0xab, 0x06, 0xab,
  0x06, 0xab, 0x06, 0xab, 0x06, 0xab, 0x06, 0xab, 0x06, 0xab, 0x06, 0xab, 0x06, 0xab, 0x06, 0xab,
  0x06, 0xab, 0x06, 0xab, 0x06, 0xab, 0x06, 0xab, 0x06, 0xab, 0x06, 0xab, 0x06, 0xab, 0x06, 0xab,
  0x06, 0xab, 0x06, 0xab, 0x06, 0xab, 0x06, 0xab, 0x06, 0xab, 0x06, 0xab, 0x06, 0xab, 0x06, 0xab,
  0x06, 0xab, 0x06, 0xab, 0x06, 0xab, 0x06, 0xab, 0x06, 0xab, 0x06, 0xab, 0x06, 0xab, 0x06, 0xab,
  0x06, 0xab, 0x06, 0xab, 0x06, 0xab, 0x06, 0xab, 0x06, 0xab, 0x06, 0xab, 0x06, 0xab, 0x06, 0xab,
  0x06, 0xab, 0x06, 0xab, 0x06, 0xab, 0x06, 0xab, 0x06, 0xab, 0x06, 0xab, 0x06, 0xab, 0x06, 0xab,
  0x06, 0xab, 0x06, 0xab, 0x06, 0xab, 0x06, 0xab, 0x06, 0xab, 0x06, 0xab, 0x06, 0xab, 0x06, 0xab,
  0xe7, 0x38, 0xe7, 0x38, 0xe7, 0x38, 0xe7, 0x38, 0xe7, 0x38, 0xe7, 0x38, 0x06, 0xab, 0x06, 0xab,
  0x06, 0xab, 0x06, 0xab, 0x06, 0xab, 0x06, 0xab, 0x06, 0xab, 0x67, 0xbb, 0xe7, 0xcb, 0x48, 0xd4,
  0xc9, 0xe4, 0x2a, 0xf5, 0x8a, 0xfd, 0xef, 0xfe, 0xef, 0xfe, 0xef, 0xfe, 0xef, 0xfe, 0xef, 0xfe,
  0xef, 0xfe, 0xef, 0xfe, 0xef, 0xfe, 0xef, 0xfe, 0xef, 0xfe, 0xef, 0xfe, 0xef, 0xfe, 0xef, 0xfe,
  0xef, 0xfe, 0xef, 0xfe, 0xef, 0xfe, 0xef, 0xfe, 0xef, 0xfe, 0xef, 0xfe, 0xef, 0xfe, 0xef, 0xfe,
  0xef, 0xfe, 0xef, 0xfe, 0xef, 0xfe, 0xef, 0xfe, 0xef, 0xfe, 0xef, 0xfe, 0x8a, 0xfd, 0x2a, 0xf5,
  0xc9, 0xe4, 0x48, 0xd4, 0xe7, 0xcb, 0x67, 0xbb, 0x06, 0xab, 0x06, 0xab, 0x06, 0xab, 0x06, 0xab,
  0x06, 0xab, 0x06, 0xab, 0x06, 0xab, 0x06, 0xab, 0x06, 0xab, 0x06, 0xab, 0x06, 0xab, 0x06, 0xab,
  0x06, 0xab, 0x06, 0xab, 0x06, 0xab, 0x06, 0xab, 0x06, 0xab, 0x06, 0xab, 0x06, 0xab, 0x06, 0xab,
  0x06, 0xab, 0x06, 0xab, 0x06, 0xab, 0x06, 0xab, 0x06, 0xab, 0x06, 0xab, 0x06, 0xab, 0x06, 0xab,
  0x06, 0xb3, 0x06, 0xb3, 0x06, 0xb3, 0x06, 0xb3, 0x06, 0xb3, 0x06, 0xb3, 0x06, 0xb3, 0x06, 0xb3,
  0x06, 0xb3, 0x06, 0xb3, 0x06, 0xb3, 0x06, 0xb3, 0x06, 0xb3, 0x06, 0xb3, 0x06, 0xb3, 0x06, 0xb3,
  0x06, 0xb3, 0x06, 0xb3, 0x06, 0xb3, 0x06, 0xb3, 0x06, 0xb3, 0x06, 0xb3, 0x06, 0xb3, 0x06, 0xb3,
  0x06, 0xb3, 0x06, 0xb3, 0x06, 0xb3, 0x06, 0xb3, 0x06, 0xb3, 0x06, 0xb3, 0x06, 0xb3, 0x06, 0xb3,
  0x06, 0xb3, 0x06, 0xb3, 0x06, 0xb3, 0x06, 0xb3, 0x06, 0xb3, 0x06, 0xb3, 0x06, 0xb3, 0x06, 0xb3,
  0x06, 0xb3, 0x06, 0xb3, 0x06, 0xb3, 0x06, 0xb3, 0x06, 0xb3, 0x06, 0xb3, 0x06, 0xb3, 0xe7, 0x38,
  0xe7, 0x38, 0xe7, 0x38, 0xe7, 0x38, 0xe7, 0x38, 0xe7, 0x38, 0xe7, 0x38, 0xe7, 0x38, 0x06, 0xb3,
  0x06, 0xb3, 0x06, 0xb3, 0x06, 0xb3, 0x06, 0xb3, 0x06, 0xb3, 0x87, 0xbb, 0xe7, 0xcb, 0x48, 0xd4,
  0xc9, 0xe4, 0x2a, 0xf5, 0x8a, 0xfd, 0xef, 0xfe, 0xef, 0xfe, 0xef, 0xfe, 0xef, 0xfe, 0xef, 0xfe,
  0xef, 0xfe, 0xef, 0xfe, 0xef, 0xfe, 0xef, 0xfe, 0xef, 0xfe, 0xef, 0xfe, 0xef, 0xfe, 0xef, 0xfe,
  0xef, 0xfe, 0xef, 0xfe, 0xef, 0xfe, 0xef, 0xfe, 0xef, 0xfe, 0xef, 0xfe, 0xef, 0xfe, 0xef, 0xfe,
  0xef, 0xfe, 0xef, 0xfe, 0xef, 0xfe, 0xef, 0xfe, 0xef, 0xfe, 0xef, 0xfe, 0x8a, 0xfd, 0x2a, 0xf5,
  0xc9, 0xe4, 0x48, 0xd4, 0xe7, 0xcb, 0x87, 0xbb, 0x06, 0xb3, 0x06, 0xb3, 0x06, 0xb3, 0x06, 0xb3,
  0x06, 0xb3, 0x06, 0xb3, 0x06, 0xb3, 0x06, 0xb3, 0x06, 0xb3, 0x06, 0xb3, 0x06, 0xb3, 0x06, 0xb3,
  0xe7, 0x38, 0xe7, 0x38, 0xe7, 0x38, 0xe7, 0x38, 0xe7, 0x38, 0xe7, 0x38, 0x06, 0xb3, 0x06, 0xb3,
  0x06, 0xb3, 0x06, 0xb3, 0x06, 0xb3, 0x06, 0xb3, 0x06, 0xb3, 0x06, 0xb3, 0x06, 0xb3, 0x06, 0xb3,
  0x26, 0xb3, 0x26, 0xb3, 0x26, 0xb3, 0x26, 0xb3, 0x26, 0xb3, 0x26, 0xb3, 0x26, 0xb3, 0x26, 0xb3,
  0x26, 0xb3, 0x26, 0xb3, 0x26, 0xb3, 0x26, 0xb3, 0x26, 0xb3, 0x26, 0xb3, 0x26, 0xb3, 0x26, 0xb3,
  0x26, 0xb3, 0x26, 0xb3, 0x26, 0xb3, 0x26, 0xb3, 0x26, 0xb3, 0x26, 0xb3, 0x26, 0xb3, 0x26, 0xb3,
  0x26, 0xb3, 0x26, 0xb3, 0x26, 0xb3, 0x26, 0xb3, 0x26, 0xb3, 0x26, 0xb3, 0x26, 0xb3, 0x26, 0xb3,
  0x26, 0xb3, 0x26, 0xb3, 0x26, 0xb3, 0x26, 0xb3, 0x26, 0xb3, 0x26, 0xb3, 0x26, 0xb3, 0x26, 0xb3,
  0x26, 0xb3, 0x26, 0xb3, 0x26, 0xb3, 0x26, 0xb3, 0x26, 0xb3, 0xe7, 0x38, 0xe7, 0x38, 0xe7, 0x38,
  0xe7, 0x38, 0xe7, 0x38, 0xe7, 0x38, 0xe7, 0x38, 0xe7, 0x38, 0xe7, 0x38, 0xe7, 0x38, 0xe7, 0x38,
  0xe7, 0x38, 0x26, 0xb3, 0x26, 0xb3, 0x26, 0xb3, 0x26, 0xb3, 0x87, 0xbb, 0xe7, 0xcb, 0x68, 0xdc,
  0xc9, 0xe4, 0x29, 0xf5, 0x8a, 0xfd, 0xef, 0xfe, 0xef, 0xfe, 0xef, 0xfe, 0xef, 0xfe, 0xef, 0xfe,
  0xef, 0xfe, 0xef, 0xfe, 0xef, 0xfe, 0xef, 0xfe, 0xef, 0xfe, 0xef, 0xfe, 0xef, 0xfe, 0xef, 0xfe,
  0xef, 0xfe, 0xef, 0xfe, 0xef, 0xfe, 0xef, 0xfe, 0xef, 0xfe, 0xef, 0xfe, 0xef, 0xfe, 0xef, 0xfe,
  0xef, 0xfe, 0xef, 0xfe, 0xef, 0xfe, 0xef, 0xfe, 0xef, 0xfe, 0xef, 0xfe, 0x8a, 0xfd, 0x29, 0xf5,
  0xc9, 0xe4, 0x68, 0xdc, 0xe7, 0xcb, 0x87, 0xbb, 0x26, 0xb3, 0x26, 0xb3, 0x26, 0xb3, 0x26, 0xb3,
  0x26, 0xb3, 0x26, 0xb3, 0x26, 0xb3, 0x26, 0xb3, 0x26, 0xb3, 0x26, 0xb3, 0x26, 0xb3, 0xe7, 0x38,
  0xe7, 0x38, 0xe7, 0x38, 0xe7, 0x38, 0xe7, 0x38, 0xe7, 0x38, 0xe7, 0x38, 0xe7, 0x38, 0xe7, 0x38,
  0x26, 0xb3, 0x26, 0xb3, 0x26, 0xb3, 0x26, 0xb3, 0x26, 0xb3, 0x26, 0xb3, 0x26, 0xb3, 0x26, 0xb3,
  0x26, 0xb3, 0x26, 0xb3, 0x26, 0xb3, 0x26, 0xb3, 0x26, 0xb3, 0x26, 0xb3, 0x26, 0xb3, 0x26, 0xb3,
  0x26, 0xb3, 0x26, 0xb3, 0x26, 0xb3, 0x26, 0xb3, 0x26, 0xb3, 0x26, 0xb3, 0x26, 0xb3, 0x26, 0xb3,
  0x26, 0xb3, 0x26, 0xb3, 0x26, 0xb3, 0x26, 0xb3, 0x26, 0xb3, 0x26, 0xb3, 0x26, 0xb3, 0x26, 0xb3,
  0x26, 0xb3, 0x26, 0xb3, 0x26, 0xb3, 0x26, 0xb3, 0x26, 0xb3, 0x26, 0xb3, 0x26, 0xb3, 0x26, 0xb3,
  0x26, 0xb3, 0x26, 0xb3, 0x26, 0xb3, 0x26, 0xb3, 0x26, 0xb3, 0x26, 0xb3, 0x26, 0xb3, 0x26, 0xb3,
  0x26, 0xb3, 0x26, 0xb3, 0x26, 0xb3, 0x26, 0xb3, 0xe7, 0x38, 0xe7, 0x38, 0xe7, 0x38, 0xe7, 0x38,
  0xe7, 0x38, 0xe7, 0x38, 0xe7, 0x38, 0xe7, 0x38, 0xe7, 0x38, 0xe7, 0x38, 0xe7, 0x38, 0xe7, 0x38,
  0xe7, 0x38, 0xe7, 0x38, 0x26, 0xb3, 0x26, 0xb3, 0x26, 0xb3, 0x86, 0xc3, 0xe7, 0xcb, 0x48, 0xdc,
  0xc9, 0xe4, 0x29, 0xf5, 0x8a, 0xfd, 0xef, 0xfe, 0xef, 0xfe, 0xef, 0xfe, 0xef, 0xfe, 0xef, 0xfe,
  0xef, 0xfe, 0xef, 0xfe, 0xef, 0xfe, 0xef, 0xfe, 0xef, 0xfe, 0xef, 0xfe, 0xef, 0xfe, 0xef, 0xfe,
  0xef, 0xfe, 0xef, 0xfe, 0xef, 0xfe, 0xef, 0xfe, 0xef, 0xfe, 0xef, 0xfe, 0xef, 0xfe, 0xef, 0xfe,
  0xef, 0xfe, 0xef, 0xfe, 0xef, 0xfe, 0xef, 0xfe, 0xef, 0xfe, 0xef, 0xfe, 0x8a, 0xfd, 0x29, 0xf5,
  0xc9, 0xe4, 0x48, 0xdc, 0xe7, 0xcb, 0x86, 0xc3, 0x26, 0xb3, 0x26, 0xb3, 0x26, 0xb3, 0x26, 0xb3,
  0x26, 0xb3, 0x26, 0xb3, 0x26, 0xb3, 0x26, 0xb3, 0x26, 0xb3, 0x26, 0xb3, 0xe7, 0x38, 0xe7, 0x38,
  0xe7, 0x38, 0xe7, 0x38, 0xe7, 0x38, 0xe7, 0x38, 0xe7, 0x38, 0xe7, 0x38, 0xe7, 0x38, 0xe7, 0x38,
  0xe7, 0x38, 0x26, 0xb3, 0x26, 0xb3, 0x26, 0xb3, 0x26, 0xb3, 0x26, 0xb3, 0x26, 0xb3, 0x26, 0xb3,
  0x26, 0xbb, 0x26, 0xbb, 0x26, 0xbb, 0x26, 0xbb, 0x26, 0xbb, 0x26, 0xbb, 0x26, 0xbb, 0x26, 0xbb,
  0x26, 0xbb, 0x26, 0xbb, 0x26, 0xbb, 0x26, 0xbb, 0x26, 0xbb, 0x26, 0xbb, 0x26, 0xbb, 0x26, 0xbb,
  0x26, 0xbb, 0x26, 0xbb, 0x26, 0xbb, 0x26, 0xbb, 0x26, 0xbb, 0x26, 0xbb, 0x26, 0xbb, 0x26, 0xbb,
  0x26, 0xbb, 0x26, 0xbb, 0x26, 0xbb, 0x26, 0xbb, 0x26, 0xbb, 0x26, 0xbb, 0x26, 0xbb, 0x26, 0xbb,
  0x26, 0xbb, 0x26, 0xbb, 0x26, 0xbb, 0x26, 0xbb, 0x26, 0xbb, 0x26, 0xbb, 0x26, 0xbb, 0x26, 0xbb,
  0x26, 0xbb, 0x26, 0xbb, 0x26, 0xbb, 0x26, 0xbb, 0xe7, 0x38, 0xe7, 0x38, 0xe7, 0x38, 0xe7, 0x38,
  0xe7, 0x38, 0xe7, 0x38, 0xe7, 0x38, 0xe7, 0x38, 0xe7, 0x38, 0xe7, 0x38, 0xe7, 0x38, 0xe7, 0x38,
  0xe7, 0x38, 0xe7, 0x38, 0x26, 0xbb, 0x26, 0xbb, 0x26, 0xbb, 0x86, 0xc3, 0xe7, 0xcb, 0x48, 0xdc,
  0xa8, 0xe4, 0x29, 0xed, 0x8a, 0xfd, 0xef, 0xfe, 0xef, 0xfe, 0xef, 0xfe, 0xef, 0xfe, 0xef, 0xfe,
  0xef, 0xfe, 0xef, 0xfe, 0xef, 0xfe, 0xef, 0xfe, 0xef, 0xfe, 0xef, 0xfe, 0xef, 0xfe, 0xef, 0xfe,
  0xef, 0xfe, 0xef, 0xfe, 0xef, 0xfe, 0xef, 0xfe, 0xef, 0xfe, 0xef, 0xfe, 0xef, 0xfe, 0xef, 0xfe,
  0xef, 0xfe, 0xef, 0xfe, 0xef, 0xfe, 0xef, 0xfe, 0xef, 0xfe, 0xef, 0xfe, 0x8a, 0xfd, 0x29, 0xed,
  0xa8, 0xe4, 0x48, 0xdc, 0xe7, 0xcb, 0x86, 0xc3, 0x26, 0xbb, 0x26, 0xbb, 0x26, 0xbb, 0x26, 0xbb,
  0x26, 0xbb, 0x26, 0xbb, 0x26, 0xbb, 0x26, 0xbb, 0x26, 0xbb, 0xe7, 0x38, 0xe7, 0x38, 0xe7, 0x38,
  0xe7, 0x38, 0xe7, 0x38, 0xe7, 0x38, 0xe7, 0x38, 0xe7, 0x38, 0xe7, 0x38, 0xe7, 0x38, 0xe7, 0x38,
  0xe7, 0x38, 0xe7, 0x38, 0x26, 0xbb, 0x26, 0xbb, 0x26, 0xbb, 0x26, 0xbb, 0x26, 0xbb, 0x26, 0xbb,
  0x46, 0xbb, 0x46, 0xbb, 0x46, 0xbb, 0x46, 0xbb, 0x46, 0xbb, 0x46, 0xbb, 0x46, 0xbb, 0x46, 0xbb,
  0x46, 0xbb, 0x46, 0xbb, 0x46, 0xbb, 0x46, 0xbb, 0x46, 0xbb, 0x46, 0xbb, 0x46, 0xbb, 0x46, 0xbb,
  0x46, 0xbb, 0x46, 0xbb, 0x46, 0xbb, 0x46, 0xbb, 0x46, 0xbb, 0x46, 0xbb, 0x46, 0xbb, 0x46, 0xbb,
  0x46, 0xbb, 0x46, 0xbb, 0x46, 0xbb, 0x46, 0xbb, 0x46, 0xbb, 0x46, 0xbb, 0x46, 0xbb, 0x46, 0xbb,
  0x46, 0xbb, 0x46, 0xbb, 0x46, 0xbb, 0x46, 0xbb, 0x46, 0xbb, 0x46, 0xbb, 0x46, 0xbb, 0x46, 0xbb,
  0x46, 0xbb, 0x46, 0xbb, 0x46, 0xbb, 0xe7, 0x38, 0xe7, 0x38, 0xe7, 0x38, 0xe7, 0x38, 0xe7, 0x38,
  0xe7, 0x38, 0xe7, 0x38, 0xe7, 0x38, 0xe7, 0x38, 0xe7, 0x38, 0xe7, 0x38, 0xe7, 0x38, 0xe7, 0x38,
  0xe7, 0x38, 0xe7, 0x38, 0xe7, 0x38, 0x46, 0xbb, 0x46, 0xbb, 0x86, 0xc3, 0xe7, 0xcb, 0x47, 0xd4,
  0xa8, 0xe4, 0x09, 0xed, 0x6a, 0xfd, 0xef, 0xfe, 0xef, 0xfe, 0xef, 0xfe, 0xef, 0xfe, 0xef, 0xfe,
  0xef, 0xfe, 0xef, 0xfe, 0xef, 0xfe, 0xef, 0xfe, 0xef, 0xfe, 0xef, 0xfe, 0xef, 0xfe, 0xef, 0xfe,
  0xef, 0xfe, 0xef, 0xfe, 0xef, 0xfe, 0xef, 0xfe, 0xef, 0xfe, 0xef, 0xfe, 0xef, 0xfe, 0xef, 0xfe,
  0xef, 0xfe, 0xef, 0xfe, 0xef, 0xfe, 0xef, 0xfe, 0xef, 0xfe, 0xef, 0xfe, 0x6a, 0xfd, 0x09, 0xed,
  0xa8, 0xe4, 0x47, 0xd4, 0xe7, 0xcb, 0x86, 0xc3, 0x46, 0xbb, 0x46, 0xbb, 0x46, 0xbb, 0x46, 0xbb,
  0x46, 0xbb, 0x46, 0xbb, 0x46, 0xbb, 0x46, 0xbb, 0xe7, 0x38, 0xe7, 0x38, 0xe7, 0x38, 0xe7, 0x38,
  0xe7, 0x38, 0xe7, 0x38, 0xe7, 0x38, 0xe7, 0x38, 0xe7, 0x38, 0xe7, 0x38, 0xe7, 0x38, 0xe7, 0x38,
  0xe7, 0x38, 0xe7, 0x38, 0xe7, 0x38, 0xe7, 0x38, 0x46, 0xbb, 0x46, 0xbb, 0x46, 0xbb, 0x46, 0xbb,
  0x46, 0xbb, 0x46, 0xbb, 0x46, 0xbb, 0x46, 0xbb, 0x46, 0xbb, 0x46, 0xbb, 0x46, 0xbb, 0x46, 0xbb,
  0x46, 0xbb, 0x46, 0xbb, 0x46, 0xbb, 0x46, 0xbb, 0x46, 0xbb, 0x46, 0xbb, 0x46, 0xbb, 0x46, 0xbb,
  0x46, 0xbb, 0x46, 0xbb, 0x46, 0xbb, 0x46, 0xbb, 0x46, 0xbb, 0x46, 0xbb, 0x46, 0xbb, 0x46, 0xbb,
  0x46, 0xbb, 0x46, 0xbb, 0x46, 0xbb, 0x46, 0xbb, 0x46, 0xbb, 0x46, 0xbb, 0x46, 0xbb, 0x46, 0xbb,
  0x46, 0xbb, 0x46, 0xbb, 0x46, 0xbb, 0x46, 0xbb, 0x46, 0xbb, 0x46, 0xbb, 0x46, 0xbb, 0x46, 0xbb,
  0x46, 0xbb, 0x46, 0xbb, 0xe7, 0x38, 0xe7, 0x38, 0xe7, 0x38, 0xe7, 0x38, 0xe7, 0x38, 0xe7, 0x38,
  0xe7, 0x38, 0xe7, 0x38, 0xe7, 0x38, 0xe7, 0x38, 0xe7, 0x38, 0xe7, 0x38, 0xe7, 0x38, 0xe7, 0x38,
  0xe7, 0x38, 0xe7, 0x38, 0xe7, 0x38, 0xe7, 0x38, 0x46, 0xbb, 0x66, 0xc3, 0xc7, 0xcb, 0x27, 0xd4,
  0x88, 0xe4, 0xe9, 0xec, 0x49, 0xf5, 0xef, 0xfe, 0xef, 0xfe, 0xef, 0xfe, 0xef, 0xfe, 0xef, 0xfe,
  0xef, 0xfe, 0xef, 0xfe, 0xef, 0xfe, 0xef, 0xfe, 0xef, 0xfe, 0xef, 0xfe, 0xef, 0xfe, 0xef, 0xfe,
  0xef, 0xfe, 0xef, 0xfe, 0xef, 0xfe, 0xef, 0xfe, 0xef, 0xfe, 0xef, 0xfe, 0xef, 0xfe, 0xef, 0xfe,
  0xef, 0xfe, 0xef, 0xfe, 0xef, 0xfe, 0xef, 0xfe, 0xef, 0xfe, 0xef, 0xfe, 0x49, 0xf5, 0xe9, 0xec,
  0x88, 0xe4, 0x27, 0xd4, 0xc7, 0xcb, 0x66, 0xc3, 0x46, 0xbb, 0x46, 0xbb, 0x46, 0xbb, 0x46, 0xbb,
  0x46, 0xbb, 0x46, 0xbb, 0x46, 0xbb, 0xe7, 0x38, 0xe7, 0x38, 0xe7, 0x38, 0xe7, 0x38, 0xe7, 0x38,
  0xe7, 0x38, 0xe7, 0x38, 0xe7, 0x38, 0xe7, 0x38, 0xe7, 0x38, 0xe7, 0x38, 0xe7, 0x38, 0xe7, 0x38,
  0xe7, 0x38, 0xe7, 0x38, 0xe7, 0x38, 0xe7, 0x38, 0xe7, 0x38, 0x46, 0xbb, 0x46, 0xbb, 0x46, 0xbb,
  0x45, 0xc3, 0x45, 0xc3, 0x45, 0xc3, 0x45, 0xc3, 0x45, 0xc3, 0x45, 0xc3, 0x45, 0xc3, 0x45, 0xc3,
  0x45, 0xc3, 0x45, 0xc3, 0x45, 0xc3, 0x45, 0xc3, 0x45, 0xc3, 0x45, 0xc3, 0x45, 0xc3, 0x45, 0xc3,
  0x45, 0xc3, 0x45, 0xc3, 0x45, 0xc3, 0x45, 0xc3, 0x45, 0xc3, 0x45, 0xc3, 0x45, 0xc3, 0x45, 0xc3,
  0x45, 0xc3, 0x45, 0xc3, 0x45, 0xc3, 0x45, 0xc3, 0x45, 0xc3, 0x45, 0xc3, 0x45, 0xc3, 0x45, 0xc3,
  0x45, 0xc3, 0x45, 0xc3, 0x45, 0xc3, 0x45, 0xc3, 0x45, 0xc3, 0x45, 0xc3, 0x45, 0xc3, 0x45, 0xc3,
  0x45, 0xc3, 0xe7, 0x38, 0xe7, 0x38, 0xe7, 0x38, 0xe7, 0x38, 0xe7, 0x38, 0xe7, 0x38, 0xe7, 0x38,
  0xe7, 0x38, 0xe7, 0x38, 0xe7, 0x38, 0xe7, 0x38, 0xe7, 0x38, 0xe7, 0x38, 0xe7, 0x38, 0xe7, 0x38,
  0xe7, 0x38, 0xe7, 0x38, 0xe7, 0x38, 0xe7, 0x38, 0xe7, 0x38, 0x65, 0xc3, 0xc6, 0xcb, 0x27, 0xd4,
  0x68, 0xdc, 0xc8, 0xec, 0x29, 0xf5, 0x8a, 0xfd, 0xef, 0xfe, 0xef, 0xfe, 0xef, 0xfe, 0xef, 0xfe,
  0xef, 0xfe, 0xef, 0xfe, 0xef, 0xfe, 0xef, 0xfe, 0xef, 0xfe, 0xef, 0xfe, 0xef, 0xfe, 0xef, 0xfe,
  0xef, 0xfe, 0xef, 0xfe, 0xef, 0xfe, 0xef, 0xfe, 0xef, 0xfe, 0xef, 0xfe, 0xef, 0xfe, 0xef, 0xfe,
  0xef, 0xfe, 0xef, 0xfe, 0xef, 0xfe, 0xef, 0xfe, 0xef, 0xfe, 0x8a, 0xfd, 0x29, 0xf5, 0xc8, 0xec,
  0x68, 0xdc, 0x27, 0xd4, 0xc6, 0xcb, 0x65, 0xc3, 0x45, 0xc3, 0x45, 0xc3, 0x45, 0xc3, 0x45, 0xc3,
  0x45, 0xc3, 0x45, 0xc3, 0xe7, 0x38, 0xe7, 0x38, 0xe7, 0x38, 0xe7, 0x38, 0xe7, 0x38, 0xe7, 0x38,
  0xe7, 0x38, 0xe7, 0x38, 0xe7, 0x38, 0xe7, 0x38, 0xe7, 0x38, 0xe7, 0x38, 0xe7, 0x38, 0xe7, 0x38,
  0xe7, 0x38, 0xe7, 0x38, 0xe7, 0x38, 0xe7, 0x38, 0xe7, 0x38, 0xe7, 0x38, 0x45, 0xc3, 0x45, 0xc3,
  0x65, 0xc3, 0x65, 0xc3, 0x65, 0xc3, 0x65, 0xc3, 0x65, 0xc3, 0x65, 0xc3, 0x65, 0xc3, 0x65, 0xc3,
  0x65, 0xc3, 0x65, 0xc3, 0x65, 0xc3, 0x65, 0xc3, 0x65, 0xc3, 0x65, 0xc3, 0x65, 0xc3, 0x65, 0xc3,
  0x65, 0xc3, 0x65, 0xc3, 0x65, 0xc3, 0x65, 0xc3, 0x65, 0xc3, 0x65, 0xc3, 0x65, 0xc3, 0x65, 0xc3,
  0x65, 0xc3, 0x65, 0xc3, 0x65, 0xc3, 0x65, 0xc3, 0x65, 0xc3, 0x65, 0xc3, 0x65, 0xc3, 0x65, 0xc3,
  0x65, 0xc3, 0x65, 0xc3, 0x65, 0xc3, 0x65, 0xc3, 0x65, 0xc3, 0x65, 0xc3, 0x65, 0xc3, 0x65, 0xc3,
  0xe7, 0x38, 0xe7, 0x38, 0xe7, 0x38, 0xe7, 0x38, 0xe7, 0x38, 0xe7, 0x38, 0xe7, 0x38, 0xe7, 0x38,
  0xe7, 0x38, 0xe7, 0x38, 0xe7, 0x38, 0xe7, 0x38, 0xe7, 0x38, 0xe7, 0x38, 0xe7, 0x38, 0xe7, 0x38,
  0xe7, 0x38, 0xe7, 0x38, 0xe7, 0x38, 0xe7, 0x38, 0xe7, 0x38, 0xe7, 0x38, 0xa6, 0xcb, 0x07, 0xd4,
  0x67, 0xdc, 0xa8, 0xe4, 0x09, 0xed, 0x69, 0xf5, 0xef, 0xfe, 0xef, 0xfe, 0xef, 0xfe, 0xef, 0xfe,
  0xef, 0xfe, 0xef, 0xfe, 0xef, 0xfe, 0xef, 0xfe, 0xef, 0xfe, 0xef, 0xfe, 0xef, 0xfe, 0xef, 0xfe,
  0xef, 0xfe, 0xef, 0xfe, 0xef, 0xfe, 0xef, 0xfe, 0xef, 0xfe, 0xef, 0xfe, 0xef, 0xfe, 0xef, 0xfe,
  0xef, 0xfe, 0xef, 0xfe, 0xef, 0xfe, 0xef, 0xfe, 0xef, 0xfe, 0x69, 0xf5, 0x09, 0xed, 0xa8, 0xe4,
  0x67, 0xdc, 0x07, 0xd4, 0xa6, 0xcb, 0x65, 0xc3, 0x65, 0xc3, 0x65, 0xc3, 0x65, 0xc3, 0x65, 0xc3,
  0x65, 0xc3, 0x65, 0xc3, 0xe7, 0x38, 0xe7, 0x38, 0xe7, 0x38, 0xe7, 0x38, 0xe7, 0x38, 0xe7, 0x38,
  0xe7, 0x38, 0xe7, 0x38, 0xe7, 0x38, 0xe7, 0x38, 0xe7, 0x38, 0xe7, 0x38, 0xe7, 0x38, 0xe7, 0x38,
  0xe7, 0x38, 0xe7, 0x38, 0xe7, 0x38, 0xe7, 0x38, 0xe7, 0x38, 0xe7, 0x38, 0xe7, 0x38, 0xe7, 0x38,
  0x65, 0xc3, 0x65, 0xc3, 0x65, 0xc3, 0x65, 0xc3, 0x65, 0xc3, 0x65, 0xc3, 0x65, 0xc3, 0x65, 0xc3,
  0x65, 0xc3, 0x65, 0xc3, 0x65, 0xc3, 0x65, 0xc3, 0x65, 0xc3, 0x65, 0xc3, 0x65, 0xc3, 0x65, 0xc3,
  0x65, 0xc3, 0x65, 0xc3, 0x65, 0xc3, 0x65, 0xc3, 0x65, 0xc3, 0x65, 0xc3, 0x65, 0xc3, 0x65, 0xc3,
  0x65, 0xc3, 0x65, 0xc3, 0x65, 0xc3, 0x65, 0xc3, 0x65, 0xc3, 0x65, 0xc3, 0x65, 0xc3, 0x65, 0xc3,
  0x65, 0xc3, 0x65, 0xc3, 0x65, 0xc3, 0x65, 0xc3, 0x65, 0xc3, 0x65, 0xc3, 0x65, 0xc3, 0xe7, 0x38,
  0xe7, 0x38, 0xe7, 0x38, 0xe7, 0x38, 0xe7, 0x38, 0xe7, 0x38, 0xe7, 0x38, 0xe7, 0x38, 0xe7, 0x38,
  0xe7, 0x38, 0xe7, 0x38, 0xe7, 0x38, 0xe7, 0x38, 0xe7, 0x38, 0xe7, 0x38, 0xe7, 0x38, 0xe7, 0x38,
  0xe7, 0x38, 0xe7, 0x38, 0xe7, 0x38, 0xe7, 0x38, 0xe7, 0x38, 0xe7, 0x38, 0xe7, 0x38, 0xe6, 0xd3,
  0x27, 0xdc, 0x88, 0xe4, 0xe8, 0xec, 0x29, 0xf5, 0x8a, 0xfd, 0xef, 0xfe, 0xef, 0xfe, 0xef, 0xfe,
  0xef, 0xfe, 0xef, 0xfe, 0xef, 0xfe, 0xef, 0xfe, 0xef, 0xfe, 0xef, 0xfe, 0xef, 0xfe, 0xef, 0xfe,
  0xef, 0xfe, 0xef, 0xfe, 0xef, 0xfe, 0xef, 0xfe, 0xef, 0xfe, 0xef, 0xfe, 0xef, 0xfe, 0xef, 0xfe,
  0xef, 0xfe, 0xef, 0xfe, 0xef, 0xfe, 0xef, 0xfe, 0x8a, 0xfd, 0x29, 0xf5, 0xe8, 0xec, 0x88, 0xe4,
  0x27, 0xdc, 0xe6, 0xd3, 0x85, 0xcb, 0x65, 0xc3, 0x65, 0xc3, 0x65, 0xc3, 0x65, 0xc3, 0x65, 0xc3,
  0x65, 0xc3, 0xe7, 0x38, 0xe7, 0x38, 0xe7, 0x38, 0xe7, 0x38, 0xe7, 0x38, 0xe7, 0x38, 0xe7, 0x38,
  0xe7, 0x38, 0xe7, 0x38, 0xe7, 0x38, 0xe7, 0x38, 0xe7, 0x38, 0xe7, 0x38, 0xe7, 0x38, 0xe7, 0x38,
  0xe7, 0x38, 0xe7, 0x38, 0xe7, 0x38, 0xe7, 0x38, 0xe7, 0x38, 0xe7, 0x38, 0xe7, 0x38, 0xe7, 0x38,
  0x85, 0xcb, 0x85, 0xcb, 0x85, 0xcb, 0x85, 0xcb, 0x85, 0xcb, 0x85, 0xcb, 0x85, 0xcb, 0x85, 0xcb,
  0x85, 0xcb, 0x85, 0xcb, 0x85, 0xcb, 0x85, 0xcb, 0x85, 0xcb, 0x85, 0xcb, 0x85, 0xcb, 0x85, 0xcb,
  0x85, 0xcb, 0x85, 0xcb, 0x85, 0xcb, 0x85, 0xcb, 0x85, 0xcb, 0x85, 0xcb, 0x85, 0xcb, 0x85, 0xcb,
  0x85, 0xcb, 0x85, 0xcb, 0x85, 0xcb, 0x85, 0xcb, 0x85, 0xcb, 0x85, 0xcb, 0x85, 0xcb, 0x85, 0xcb,
  0x85, 0xcb, 0x85, 0xcb, 0x85, 0xcb, 0x85, 0xcb, 0x85, 0xcb, 0x85, 0xcb, 0x85, 0xcb, 0xe7, 0x38,
  0xe7, 0x38, 0xe7, 0x38, 0xe7, 0x38, 0xe7, 0x38, 0xe7, 0x38, 0xe7, 0x38, 0xe7, 0x38, 0xe7, 0x38,
  0xe7, 0x38, 0xe7, 0x38, 0xe7, 0x38, 0xe7, 0x38, 0xe7, 0x38, 0xe7, 0x38, 0xe7, 0x38, 0xe7, 0x38,
  0xe7, 0x38, 0xe7, 0x38, 0xe7, 0x38, 0xe7, 0x38, 0xe7, 0x38, 0xe7, 0x38, 0xe7, 0x38, 0xe7, 0x38,
  0x06, 0xd4, 0x67, 0xdc, 0xa8, 0xe4, 0x08, 0xed, 0x49, 0xf5, 0x8a, 0xfd, 0xef, 0xfe, 0xef, 0xfe,
  0xef, 0xfe, 0xef, 0xfe, 0xef, 0xfe, 0xef, 0xfe, 0xef, 0xfe, 0xef, 0xfe, 0xef, 0xfe, 0xef, 0xfe,
  0xef, 0xfe, 0xef, 0xfe, 0xef, 0xfe, 0xef, 0xfe, 0xef, 0xfe, 0xef, 0xfe, 0xef, 0xfe, 0xef, 0xfe,
  0xef, 0xfe, 0xef, 0xfe, 0xef, 0xfe, 0x8a, 0xfd, 0x49, 0xf5, 0x08, 0xed, 0xa8, 0xe4, 0x67, 0xdc,
  0x06, 0xd4, 0xc6, 0xcb, 0x85, 0xcb, 0x85, 0xcb, 0x85, 0xcb, 0x85, 0xcb, 0x85, 0xcb, 0x85, 0xcb,
  0xe7, 0x38, 0xe7, 0x38, 0xe7, 0x38, 0xe7, 0x38, 0xe7, 0x38, 0xe7, 0x38, 0xe7, 0x38, 0xe7, 0x38,
  0xe7, 0x38, 0xe7, 0x38, 0xe7, 0x38, 0xe7, 0x38, 0xe7, 0x38, 0xe7, 0x38, 0xe7, 0x38, 0xe7, 0x38,
  0xe7, 0x38, 0xe7, 0x38, 0xe7, 0x38, 0xe7, 0x38, 0xe7, 0x38, 0xe7, 0x38, 0xe7, 0x38, 0xe7, 0x38,
  0x85, 0xcb, 0x85, 0xcb, 0x85, 0xcb, 0x85, 0xcb, 0x85, 0xcb, 0x85, 0xcb, 0x85, 0xcb, 0x85, 0xcb,
  0x85, 0xcb, 0x85, 0xcb, 0x85, 0xcb, 0x85, 0xcb, 0x85, 0xcb, 0x85, 0xcb, 0x85, 0xcb, 0x85, 0xcb,
  0x85, 0xcb, 0x85, 0xcb, 0x85, 0xcb, 0xe7, 0x38, 0xe7, 0x38, 0x85, 0xcb, 0x85, 0xcb, 0x85, 0xcb,
  0x85, 0xcb, 0x85, 0xcb, 0x85, 0xcb, 0x85, 0xcb, 0x85, 0xcb, 0x85, 0xcb, 0x85, 0xcb, 0x63, 0x10,
  0x63, 0x10, 0x63, 0x10, 0x63, 0x10, 0x63, 0x10, 0x63, 0x10, 0x63, 0x10, 0x63, 0x10, 0x63, 0x10,
  0x63, 0x10, 0x63, 0x10, 0xe7, 0x38, 0xe7, 0x38, 0xe7, 0x38, 0xe7, 0x38, 0xe7, 0x38, 0xe7, 0x38,
  0xe7, 0x38, 0xe7, 0x38, 0xe7, 0x38, 0xe7, 0x38, 0xe7, 0x38, 0xe7, 0x38, 0xe7, 0x38, 0xe7, 0x38,
  0xe7, 0x38, 0xe7, 0x38, 0xe7, 0x38, 0xe7, 0x38, 0xe7, 0x38, 0xe7, 0x38, 0xe7, 0x38, 0xe7, 0x38,
  0xe7, 0x38, 0xe7, 0x38, 0x87, 0xe4, 0xc8, 0xec, 0x29, 0xf5, 0x69, 0xf5, 0xaa, 0xfd, 0xef, 0xfe,
  0xef, 0xfe, 0xef, 0xfe, 0xef, 0xfe, 0xe7, 0x38, 0xe7, 0x38, 0xe7, 0x38, 0xe7, 0x38, 0xe7, 0x38,
  0xe7, 0x38, 0xe7, 0x38, 0xe7, 0x38, 0xe7, 0x38, 0xef, 0xfe, 0xef, 0xfe, 0xef, 0xfe, 0xef, 0xfe,
  0xef, 0xfe, 0xef, 0xfe, 0xaa, 0xfd, 0x69, 0xf5, 0x29, 0xf5, 0xc8, 0xec, 0x87, 0xe4, 0x47, 0xdc,
  0xe6, 0xd3, 0xa5, 0xcb, 0x85, 0xcb, 0x85, 0xcb, 0x85, 0xcb, 0x85, 0xcb, 0x85, 0xcb, 0xe7, 0x38,
  0xe7, 0x38, 0xe7, 0x38, 0xe7, 0x38, 0xe7, 0x38, 0xe7, 0x38, 0xe7, 0x38, 0xe7, 0x38, 0xe7, 0x38,
  0xe7, 0x38, 0xe7, 0x38, 0xe7, 0x38, 0xe7, 0x38, 0xe7, 0x38, 0xe7, 0x38, 0xe7, 0x38, 0xe7, 0x38,
  0xe7, 0x38, 0xe7, 0x38, 0xe7, 0x38, 0xe7, 0x38, 0xe7, 0x38, 0xe7, 0x38, 0xe7, 0x38, 0xe7, 0x38,
  0x85, 0xcb, 0x85, 0xcb, 0x85, 0xcb, 0x85, 0xcb, 0x85, 0xcb, 0x85, 0xcb, 0x85, 0xcb, 0x85, 0xcb,
  0x85, 0xcb, 0x85, 0xcb, 0x85, 0xcb, 0x85, 0xcb, 0x85, 0xcb, 0x85, 0xcb, 0x85, 0xcb, 0xe7, 0x38,
  0xe7, 0x38, 0xe7, 0x38, 0xe7, 0x38, 0xe7, 0x38, 0xe7, 0x38, 0xe7, 0x38, 0xe7, 0x38, 0xe7, 0x38,
  0x85, 0xcb, 0x85, 0xcb, 0x85, 0xcb, 0x85, 0xcb, 0x85, 0xcb, 0x63, 0x10, 0x63, 0x10, 0x63, 0x10,
  0x63, 0x10, 0x63, 0x10, 0x63, 0x10, 0x63, 0x10, 0x63, 0x10, 0x63, 0x10, 0x63, 0x10, 0x63, 0x10,
  0x63, 0x10, 0x63, 0x10, 0x63, 0x10, 0x63, 0x10, 0xe7, 0x38, 0xe7, 0x38, 0xe7, 0x38, 0xe7, 0x38,
  0xe7, 0x38, 0xe7, 0x38, 0xe7, 0x38, 0xe7, 0x38, 0xe7, 0x38, 0xe7, 0x38, 0xe7, 0x38, 0xe7, 0x38,
  0xe7, 0x38, 0xe7, 0x38, 0xe7, 0x38, 0xe7, 0x38, 0xe7, 0x38, 0xe7, 0x38, 0xe7, 0x38, 0xe7, 0x38,
  0xe7, 0x38, 0xe7, 0x38, 0xe7, 0x38, 0xe7, 0x38, 0xe7, 0x38, 0x28, 0xf5, 0x69, 0xf5, 0xe7, 0x38,
  0xe7, 0x38, 0xe7, 0x38, 0xe7, 0x38, 0xe7, 0x38, 0xe7, 0x38, 0xe7, 0x38, 0xe7, 0x38, 0xe7, 0x38,
  0xe7, 0x38, 0xe7, 0x38, 0xe7, 0x38, 0xe7, 0x38, 0xe7, 0x38, 0xe7, 0x38, 0xef, 0xfe, 0xef, 0xfe,
  0xef, 0xfe, 0xaa, 0xfd, 0x69, 0xf5, 0x28, 0xf5, 0xe8, 0xec, 0xa7, 0xe4, 0x47, 0xdc, 0x06, 0xdc,
  0xc5, 0xd3, 0x85, 0xcb, 0x85, 0xcb, 0x85, 0xcb, 0x85, 0xcb, 0x85, 0xcb, 0x85, 0xcb, 0xe7, 0x38,
  0xe7, 0x38, 0xe7, 0x38, 0xe7, 0x38, 0xe7, 0x38, 0xe7, 0x38, 0xe7, 0x38, 0xe7, 0x38, 0xe7, 0x38,
  0xe7, 0x38, 0xe7, 0x38, 0xe7, 0x38, 0xe7, 0x38, 0xe7, 0x38, 0xe7, 0x38, 0xe7, 0x38, 0xe7, 0x38,
  0xe7, 0x38, 0xe7, 0x38, 0xe7, 0x38, 0xe7, 0x38, 0xe7, 0x38, 0xe7, 0x38, 0xe7, 0x38, 0xe7, 0x38,
  0xe7, 0x38, 0xa5, 0xd3, 0xa5, 0xd3, 0xa5, 0xd3, 0xa5, 0xd3, 0xa5, 0xd3, 0xa5, 0xd3, 0xa5, 0xd3,
  0xa5, 0xd3, 0xa5, 0xd3, 0xa5, 0xd3, 0xa5, 0xd3, 0xa5, 0xd3, 0xe7, 0x38, 0xe7, 0x38, 0xe7, 0x38,
  0xe7, 0x38, 0xe7, 0x38, 0xe7, 0x38, 0xe7, 0x38, 0xe7, 0x38, 0xe7, 0x38, 0xe7, 0x38, 0xe7, 0x38,
  0xe7, 0x38, 0xe7, 0x38, 0xe7, 0x38, 0x63, 0x10, 0x63, 0x10, 0x63, 0x10, 0x63, 0x10, 0x63, 0x10,
  0x63, 0x10, 0x63, 0x10, 0x63, 0x10, 0x63, 0x10, 0x63, 0x10, 0x63, 0x10, 0x63, 0x10, 0x63, 0x10,
  0x63, 0x10, 0x63, 0x10, 0x63, 0x10, 0x63, 0x10, 0x63, 0x10, 0x63, 0x10, 0x63, 0x10, 0xe7, 0x38,
  0xe7, 0x38, 0xe7, 0x38, 0xe7, 0x38, 0xe7, 0x38, 0xe7, 0x38, 0xe7, 0x38, 0xe7, 0x38, 0xe7, 0x38,
  0xe7, 0x38, 0xe7, 0x38, 0xe7, 0x38, 0xe7, 0x38, 0xe7, 0x38, 0xe7, 0x38, 0xe7, 0x38, 0xe7, 0x38,
  0xe7, 0x38, 0xe7, 0x38, 0xe7, 0x38, 0xe7, 0x38, 0xe7, 0x38, 0xe7, 0x38, 0xe7, 0x38, 0xe7, 0x38,
  0xe7, 0x38, 0xe7, 0x38, 0xe7, 0x38, 0xe7, 0x38, 0xe7, 0x38, 0xe7, 0x38, 0xe7, 0x38, 0xe7, 0x38,
  0xe7, 0x38, 0xe7, 0x38, 0xe7, 0x38, 0xe7, 0x38, 0xe7, 0x38, 0xe7, 0x38, 0xe7, 0x38, 0xef, 0xfe,
  0x89, 0xfd, 0x69, 0xf5, 0x28, 0xf5, 0xe8, 0xec, 0xa7, 0xec, 0x67, 0xe4, 0x26, 0xdc, 0xe5, 0xd3,
  0xa5, 0xd3, 0xa5, 0xd3, 0xa5, 0xd3, 0xa5, 0xd3, 0xa5, 0xd3, 0xa5, 0xd3, 0xe7, 0x38, 0xe7, 0x38,
  0xe7, 0x38, 0xe7, 0x38, 0xe7, 0x38, 0xe7, 0x38, 0xe7, 0x38, 0xe7, 0x38, 0xe7, 0x38, 0xe7, 0x38,
  0xe7, 0x38, 0xe7, 0x38, 0xe7, 0x38, 0xe7, 0x38, 0xe7, 0x38, 0xe7, 0x38, 0xe7, 0x38, 0xe7, 0x38,
  0xe7, 0x38, 0xe7, 0x38, 0xe7, 0x38, 0xe7, 0x38, 0xe7, 0x38, 0xe7, 0x38, 0xe7, 0x38, 0xe7, 0x38,
  0xe7, 0x38, 0xe7, 0x38, 0xa5, 0xd3, 0xa5, 0xd3, 0xa5, 0xd3, 0xa5, 0xd3, 0xa5, 0xd3, 0xa5, 0xd3,
  0xa5, 0xd3, 0xa5, 0xd3, 0xa5, 0xd3, 0xe7, 0x38, 0xe7, 0x38, 0xe7, 0x38, 0xe7, 0x38, 0xe7, 0x38,
  0xe7, 0x38, 0xe7, 0x38, 0xe7, 0x38, 0xe7, 0x38, 0xe7, 0x38, 0xe7, 0x38, 0xe7, 0x38, 0xe7, 0x38,
  0xe7, 0x38, 0xe7, 0x38, 0x63, 0x10, 0x63, 0x10, 0x63, 0x10, 0x63, 0x10, 0x63, 0x10, 0x63, 0x10,
  0x63, 0x10, 0x63, 0x10, 0x63, 0x10, 0x63, 0x10, 0x63, 0x10, 0x63, 0x10, 0x63, 0x10, 0x63, 0x10,
  0x63, 0x10, 0x63, 0x10, 0x63, 0x10, 0x63, 0x10, 0x63, 0x10, 0x63, 0x10, 0x63, 0x10, 0x63, 0x10,
  0x63, 0x10, 0xe7, 0x38, 0xe7, 0x38, 0xe7, 0x38, 0xe7, 0x38, 0xe7, 0x38, 0xe7, 0x38, 0xe7, 0x38,
  0xe7, 0x38, 0xe7, 0x38, 0xe7, 0x38, 0xe7, 0x38, 0xe7, 0x38, 0xe7, 0x38, 0xe7, 0x38, 0xe7, 0x38,
  0xe7, 0x38, 0xe7, 0x38, 0xe7, 0x38, 0xe7, 0x38, 0xe7, 0x38, 0xe7, 0x38, 0xe7, 0x38, 0xe7, 0x38,
  0xe7, 0x38, 0xe7, 0x38, 0xe7, 0x38, 0xe7, 0x38, 0xe7, 0x38, 0xe7, 0x38, 0xe7, 0x38, 0xe7, 0x38,
  0xe7, 0x38, 0xe7, 0x38, 0xe7, 0x38, 0xe7, 0x38, 0xe7, 0x38, 0xe7, 0x38, 0xe7, 0x38, 0xe7, 0x38,
  0xe7, 0x38, 0x08, 0xf5, 0xe8, 0xec, 0xa7, 0xec, 0x67, 0xe4, 0x26, 0xdc, 0xe5, 0xdb, 0xa5, 0xd3,
  0xa5, 0xd3, 0xa5, 0xd3, 0xa5, 0xd3, 0xa5, 0xd3, 0xa5, 0xd3, 0xe7, 0x38, 0xe7, 0x38, 0xe7, 0x38,
  0xe7, 0x38, 0xe7, 0x38, 0xe7, 0x38, 0xe7, 0x38, 0xe7, 0x38, 0xe7, 0x38, 0xe7, 0x38, 0xe7, 0x38,
  0xe7, 0x38, 0xe7, 0x38, 0xe7, 0x38, 0xe7, 0x38, 0xe7, 0x38, 0xe7, 0x38, 0xe7, 0x38, 0xe7, 0x38,
  0xe7, 0x38, 0xe7, 0x38, 0xe7, 0x38, 0xe7, 0x38, 0xe7, 0x38, 0xe7, 0x38, 0xe7, 0x38, 0xe7, 0x38,
  0xe7, 0x38, 0xe7, 0x38, 0xe7, 0x38, 0xe7, 0x38, 0xa5, 0xd3, 0xa5, 0xd3, 0xa5, 0xd3, 0xa5, 0xd3,
  0xa5, 0xd3, 0xe7, 0x38, 0xe7, 0x38, 0xe7, 0x38, 0xe7, 0x38, 0xe7, 0x38, 0xe7, 0x38, 0xe7, 0x38,
  0xe7, 0x38, 0xe7, 0x38, 0xe7, 0x38, 0xe7, 0x38, 0xe7, 0x38, 0xe7, 0x38, 0xe7, 0x38, 0xe7, 0x38,
  0x63, 0x10, 0x63, 0x10, 0x63, 0x10, 0x63, 0x10, 0x63, 0x10, 0x63, 0x10, 0x63, 0x10, 0x63, 0x10,
  0x63, 0x10, 0x63, 0x10, 0x63, 0x10, 0x63, 0x10, 0x63, 0x10, 0x63, 0x10, 0x63, 0x10, 0x63, 0x10,
  0x63, 0x10, 0x63, 0x10, 0x63, 0x10, 0x63, 0x10, 0x63, 0x10, 0x63, 0x10, 0x63, 0x10, 0x63, 0x10,
  0x63, 0x10, 0x63, 0x10, 0x63, 0x10, 0x63, 0x10, 0xe7, 0x38, 0xe7, 0x38, 0xe7, 0x38, 0xe7, 0x38,
  0xe7, 0x38, 0xe7, 0x38, 0xe7, 0x38, 0xe7, 0x38, 0xe7, 0x38, 0xe7, 0x38, 0xe7, 0x38, 0xe7, 0x38,
  0xe7, 0x38, 0xe7, 0x38, 0xe7, 0x38, 0x63, 0x10, 0x63, 0x10, 0x63, 0x10, 0x63, 0x10, 0x63, 0x10,
  0x63, 0x10, 0x63, 0x10, 0x63, 0x10, 0x63, 0x10, 0x63, 0x10, 0xe7, 0x38, 0xe7, 0x38, 0xe7, 0x38,
  0xe7, 0x38, 0xe7, 0x38, 0xe7, 0x38, 0xe7, 0x38, 0xe7, 0x38, 0xe7, 0x38, 0xe7, 0x38, 0xe7, 0x38,
  0xe7, 0x38, 0xe7, 0x38, 0xa7, 0xec, 0x66, 0xe4, 0x26, 0xe4, 0x05, 0xdc, 0xc5, 0xd3, 0xa5, 0xd3,
  0xa5, 0xd3, 0xa5, 0xd3, 0xa5, 0xd3, 0xa5, 0xd3, 0xe7, 0x38, 0xe7, 0x38, 0xe7, 0x38, 0xe7, 0x38,
  0xe7, 0x38, 0xe7, 0x38, 0xe7, 0x38, 0xe7, 0x38, 0xe7, 0x38, 0xe7, 0x38, 0xe7, 0x38, 0xe7, 0x38,
  0xe7, 0x38, 0xe7, 0x38, 0xe7, 0x38, 0xe7, 0x38, 0xe7, 0x38, 0xe7, 0x38, 0xe7, 0x38, 0xe7, 0x38,
  0xe7, 0x38, 0xe7, 0x38, 0xe7, 0x38, 0xe7, 0x38, 0x63, 0x10, 0x63, 0x10, 0x63, 0x10, 0x63, 0x10,
  0xe7, 0x38, 0xe7, 0x38, 0xe7, 0x38, 0xe7, 0x38, 0xe7, 0x38, 0xe7, 0x38, 0xe7, 0x38, 0xe7, 0x38,
  0xe7, 0x38, 0xe7, 0x38, 0xe7, 0x38, 0xe7, 0x38, 0xe7, 0x38, 0xe7, 0x38, 0xe7, 0x38, 0xe7, 0x38,
  0xe7, 0x38, 0xe7, 0x38, 0xe7, 0x38, 0xe7, 0x38, 0xe7, 0x38, 0xe7, 0x38, 0xe7, 0x38, 0x63, 0x10,
  0x63, 0x10, 0x63, 0x10, 0x63, 0x10, 0x63, 0x10, 0x63, 0x10, 0x63, 0x10, 0x63, 0x10, 0x63, 0x10,
  0x63, 0x10, 0x63, 0x10, 0x63, 0x10, 0x63, 0x10, 0x63, 0x10, 0x63, 0x10, 0x63, 0x10, 0x63, 0x10,
  0x63, 0x10, 0x63, 0x10, 0x63, 0x10, 0x63, 0x10, 0x63, 0x10, 0x63, 0x10, 0x63, 0x10, 0x63, 0x10,
  0x63, 0x10, 0x63, 0x10, 0x63, 0x10, 0x63, 0x10, 0x63, 0x10, 0x63, 0x10, 0x63, 0x10, 0x63, 0x10,
  0x63, 0x10, 0x63, 0x10, 0x63, 0x10, 0x63, 0x10, 0x63, 0x10, 0x63, 0x10, 0x63, 0x10, 0x63, 0x10,
  0x63, 0x10, 0x63, 0x10, 0x63, 0x10, 0x63, 0x10, 0x63, 0x10, 0x63, 0x10, 0x63, 0x10, 0x63, 0x10,
  0x63, 0x10, 0x63, 0x10, 0x63, 0x10, 0x63, 0x10, 0x63, 0x10, 0x63, 0x10, 0x63, 0x10, 0x63, 0x10,
  0xe7, 0x38, 0xe7, 0x38, 0xe7, 0x38, 0xe7, 0x38, 0xe7, 0x38, 0xe7, 0x38, 0xe7, 0x38, 0xe7, 0x38,
  0xe7, 0x38, 0xe7, 0x38, 0xe7, 0x38, 0xe7, 0x38, 0x05, 0xdc, 0xc5, 0xdb, 0xc5, 0xdb, 0xc5, 0xdb,
  0xc5, 0xdb, 0xc5, 0xdb, 0xe7, 0x38, 0xe7, 0x38, 0xe7, 0x38, 0xe7, 0x38, 0xe7, 0x38, 0xe7, 0x38,
  0xe7, 0x38, 0xe7, 0x38, 0xe7, 0x38, 0xe7, 0x38, 0xe7, 0x38, 0xe7, 0x38, 0xe7, 0x38, 0xe7, 0x38,
  0xe7, 0x38, 0xe7, 0x38, 0xe7, 0x38, 0xe7, 0x38, 0xe7, 0x38, 0xe7, 0x38, 0xe7, 0x38, 0xe7, 0x38,
  0x63, 0x10, 0x63, 0x10, 0x63, 0x10, 0x63, 0x10, 0x63, 0x10, 0x63, 0x10, 0x63, 0x10, 0x63, 0x10,
  0xe7, 0x38, 0xe7, 0x38, 0xe7, 0x38, 0xe7, 0x38, 0xe7, 0x38, 0xe7, 0x38, 0xe7, 0x38, 0xe7, 0x38,
  0xe7, 0x38, 0xe7, 0x38, 0xe7, 0x38, 0xe7, 0x38, 0xe7, 0x38, 0xe7, 0x38, 0xe7, 0x38, 0xe7, 0x38,
  0xe7, 0x38, 0xe7, 0x38, 0xe7, 0x38, 0xe7, 0x38, 0xe7, 0x38, 0x63, 0x10, 0x63, 0x10, 0x63, 0x10,
  0x63, 0x10, 0x63, 0x10, 0x63, 0x10, 0x63, 0x10, 0x63, 0x10, 0x63, 0x10, 0x63, 0x10, 0x63, 0x10,
  0x63, 0x10, 0x63, 0x10, 0x63, 0x10, 0x63, 0x10, 0x63, 0x10, 0x63, 0x10, 0x63, 0x10, 0x63, 0x10,
  0x63, 0x10, 0x63, 0x10, 0x63, 0x10, 0x63, 0x10, 0x63, 0x10, 0x63, 0x10, 0x63, 0x10, 0x63, 0x10,
  0x63, 0x10, 0x63, 0x10, 0x63, 0x10, 0x63, 0x10, 0x63, 0x10, 0x63, 0x10, 0x63, 0x10, 0x63, 0x10,
  0x63, 0x10, 0x63, 0x10, 0x63, 0x10, 0x63, 0x10, 0x63, 0x10, 0x63, 0x10, 0x63, 0x10, 0x63, 0x10,
  0x63, 0x10, 0x63, 0x10, 0x63, 0x10, 0x63, 0x10, 0x63, 0x10, 0x63, 0x10, 0x63, 0x10, 0x63, 0x10,
  0x63, 0x10, 0x63, 0x10, 0x63, 0x10, 0x63, 0x10, 0x63, 0x10, 0x63, 0x10, 0x63, 0x10, 0x63, 0x10,
  0x63, 0x10, 0x63, 0x10, 0xe7, 0x38, 0xe7, 0x38, 0xe7, 0x38, 0xe7, 0x38, 0xe7, 0x38, 0xe7, 0x38,
  0xe7, 0x38, 0xe7, 0x38, 0xe7, 0x38, 0xe7, 0x38, 0xe7, 0x38, 0xe7, 0x38, 0xe7, 0x38, 0xe7, 0x38,
  0xe7, 0x38, 0xe7, 0x38, 0xe7, 0x38, 0xe7, 0x38, 0xe7, 0x38, 0xe7, 0x38, 0xe7, 0x38, 0xe7, 0x38,
  0xe7, 0x38, 0xe7, 0x38, 0xe7, 0x38, 0xe7, 0x38, 0xe7, 0x38, 0xe7, 0x38, 0xe7, 0x38, 0xe7, 0x38,
  0xe7, 0x38, 0xe7, 0x38, 0xe7, 0x38, 0xe7, 0x38, 0xe7, 0x38, 0xe7, 0x38, 0x63, 0x10, 0x63, 0x10,
  0x63, 0x10, 0x63, 0x10, 0x63, 0x10, 0x63, 0x10, 0x63, 0x10, 0x63, 0x10, 0x63, 0x10, 0x63, 0x10,
  0xe7, 0x38, 0xe7, 0x38, 0xe7, 0x38, 0xe7, 0x38, 0xe7, 0x38, 0xe7, 0x38, 0xe7, 0x38, 0xe7, 0x38,
  0xe7, 0x38, 0xe7, 0x38, 0xe7, 0x38, 0xe7, 0x38, 0xe7, 0x38, 0xe7, 0x38, 0xe7, 0x38, 0xe7, 0x38,
  0xe7, 0x38, 0xe7, 0x38, 0xe7, 0x38, 0xe7, 0x38, 0x63, 0x10, 0x63, 0x10, 0x63, 0x10, 0x63, 0x10,
  0x63, 0x10, 0x63, 0x10, 0x63, 0x10, 0x63, 0x10, 0x63, 0x10, 0x63, 0x10, 0x63, 0x10, 0x63, 0x10,
  0x63, 0x10, 0x63, 0x10, 0x63, 0x10, 0x63, 0x10, 0x63, 0x10, 0x63, 0x10, 0x63, 0x10, 0x63, 0x10,
  0x63, 0x10, 0x63, 0x10, 0x63, 0x10, 0x63, 0x10, 0x63, 0x10, 0x63, 0x10, 0x63, 0x10, 0x63, 0x10,
  0x63, 0x10, 0x63, 0x10, 0x63, 0x10, 0x63, 0x10, 0x63, 0x10, 0x63, 0x10, 0x63, 0x10, 0x63, 0x10,
  0x63, 0x10, 0x63, 0x10, 0x63, 0x10, 0x63, 0x10, 0x63, 0x10, 0x63, 0x10, 0x63, 0x10, 0x63, 0x10,
  0x63, 0x10, 0x63, 0x10, 0x63, 0x10, 0x63, 0x10, 0x63, 0x10, 0x63, 0x10, 0x63, 0x10, 0x63, 0x10,
  0x63, 0x10, 0x63, 0x10, 0x63, 0x10, 0x63, 0x10, 0x63, 0x10, 0x63, 0x10, 0x63, 0x10, 0x63, 0x10,
  0x63, 0x10, 0x63, 0x10, 0x63, 0x10, 0x63, 0x10, 0xe7, 0x38, 0xe7, 0x38, 0xe7, 0x38, 0xe7, 0x38,
  0xe7, 0x38, 0xe7, 0x38, 0xe7, 0x38, 0xe7, 0x38, 0xe7, 0x38, 0xe7, 0x38, 0xe7, 0x38, 0xe7, 0x38,
  0xe7, 0x38, 0xe7, 0x38, 0xe7, 0x38, 0xe7, 0x38, 0xe7, 0x38, 0xe7, 0x38, 0xe7, 0x38, 0xe7, 0x38,
  0xe7, 0x38, 0xe7, 0x38, 0xe7, 0x38, 0xe7, 0x38, 0xe7, 0x38, 0xe7, 0x38, 0xe7, 0x38, 0xe7, 0x38,
  0xe7, 0x38, 0xe7, 0x38, 0xe7, 0x38, 0xe7, 0x38, 0x63, 0x10, 0x63, 0x10, 0x63, 0x10, 0x63, 0x10,
  0x63, 0x10, 0x63, 0x10, 0x63, 0x10, 0x63, 0x10, 0x63, 0x10, 0x63, 0x10, 0x63, 0x10, 0x63, 0x10,
  0xe7, 0x38, 0xe7, 0x38, 0xe7, 0x38, 0xe7, 0x38, 0xe7, 0x38, 0xe7, 0x38, 0xe7, 0x38, 0xe7, 0x38,
  0xe7, 0x38, 0xe7, 0x38, 0xe7, 0x38, 0xe7, 0x38, 0xe7, 0x38, 0xe7, 0x38, 0xe7, 0x38, 0xe7, 0x38,
  0xe7, 0x38, 0xe7, 0x38, 0xe7, 0x38, 0x63, 0x10, 0x63, 0x10, 0x63, 0x10, 0x63, 0x10, 0x63, 0x10,
  0x63, 0x10, 0x63, 0x10, 0x63, 0x10, 0x63, 0x10, 0x63, 0x10, 0x63, 0x10, 0x63, 0x10, 0x63, 0x10,
  0x63, 0x10, 0x63, 0x10, 0x63, 0x10, 0x63, 0x10, 0x63, 0x10, 0x63, 0x10, 0x63, 0x10, 0x63, 0x10,
  0x63, 0x10, 0x63, 0x10, 0x63, 0x10, 0x63, 0x10, 0x63, 0x10, 0x63, 0x10, 0x63, 0x10, 0x63, 0x10,
  0x63, 0x10, 0x63, 0x10, 0x63, 0x10, 0x63, 0x10, 0x63, 0x10, 0x63, 0x10, 0x63, 0x10, 0x63, 0x10,
  0x63, 0x10, 0x63, 0x10, 0x63, 0x10, 0x63, 0x10, 0x63, 0x10, 0x63, 0x10, 0x63, 0x10, 0x63, 0x10,
  0x63, 0x10, 0x63, 0x10, 0x63, 0x10, 0x63, 0x10, 0x63, 0x10, 0x63, 0x10, 0x63, 0x10, 0x63, 0x10,
  0x63, 0x10, 0x63, 0x10, 0x63, 0x10, 0x63, 0x10, 0x63, 0x10, 0x63, 0x10, 0x63, 0x10, 0x63, 0x10,
  0x63, 0x10, 0x63, 0x10, 0x63, 0x10, 0x63, 0x10, 0x63, 0x10, 0xe7, 0x38, 0xe7, 0x38, 0xe7, 0x38,
  0xe7, 0x38, 0xe7, 0x38, 0xe7, 0x38, 0xe7, 0x38, 0xe7, 0x38, 0xe7, 0x38, 0xe7, 0x38, 0xe7, 0x38,
  0xe7, 0x38, 0xe7, 0x38, 0xe7, 0x38, 0xe7, 0x38, 0xe7, 0x38, 0xe7, 0x38, 0xe7, 0x38, 0xe7, 0x38,
  0xe7, 0x38, 0xe7, 0x38, 0xe7, 0x38, 0xe7, 0x38, 0xe7, 0x38, 0xe7, 0x38, 0xe7, 0x38, 0xe7, 0x38,
  0xe7, 0x38, 0xe7, 0x38, 0x63, 0x10, 0x63, 0x10, 0x63, 0x10, 0x63, 0x10, 0x63, 0x10, 0x63, 0x10,
  0x63, 0x10, 0x63, 0x10, 0x63, 0x10, 0x63, 0x10, 0x63, 0x10, 0x63, 0x10, 0x63, 0x10, 0x63, 0x10,
  0xe7, 0x38, 0xe7, 0x38, 0xe7, 0x38, 0xe7, 0x38, 0xe7, 0x38, 0xe7, 0x38, 0xe7, 0x38, 0xe7, 0x38,
  0xe7, 0x38, 0xe7, 0x38, 0xe7, 0x38, 0xe7, 0x38, 0xe7, 0x38, 0xe7, 0x38, 0xe7, 0x38, 0xe7, 0x38,
  0xe7, 0x38, 0x63, 0x10, 0x63, 0x10, 0x63, 0x10, 0x63, 0x10, 0x63, 0x10, 0x63, 0x10, 0x63, 0x10,
  0x63, 0x10, 0x63, 0x10, 0x63, 0x10, 0x63, 0x10, 0x63, 0x10, 0x63, 0x10, 0x63, 0x10, 0x63, 0x10,
  0x63, 0x10, 0x63, 0x10, 0x63, 0x10, 0x63, 0x10, 0x63, 0x10, 0x63, 0x10, 0x63, 0x10, 0x63, 0x10,
  0x63, 0x10, 0x63, 0x10, 0x63, 0x10, 0x63, 0x10, 0x63, 0x10, 0x63, 0x10, 0x63, 0x10, 0x63, 0x10,
  0x63, 0x10, 0x63, 0x10, 0x63, 0x10, 0x63, 0x10, 0x63, 0x10, 0x63, 0x10, 0x63, 0x10, 0x63, 0x10,
  0x63, 0x10, 0x63, 0x10, 0x63, 0x10, 0x63, 0x10, 0x63, 0x10, 0x63, 0x10, 0x63, 0x10, 0x63, 0x10,
  0x63, 0x10, 0x63, 0x10, 0x63, 0x10, 0x63, 0x10, 0x63, 0x10, 0x63, 0x10, 0x63, 0x10, 0x63, 0x10,
  0x63, 0x10, 0x63, 0x10, 0x63, 0x10, 0x63, 0x10, 0x63, 0x10, 0x63, 0x10, 0x63, 0x10, 0x63, 0x10,
  0x63, 0x10, 0x63, 0x10, 0x63, 0x10, 0x63, 0x10, 0x63, 0x10, 0x63, 0x10, 0x63, 0x10, 0xe7, 0x38,
  0xe7, 0x38, 0xe7, 0x38, 0xe7, 0x38, 0xe7, 0x38, 0xe7, 0x38, 0xe7, 0x38, 0xe7, 0x38, 0xe7, 0x38,
  0xe7, 0x38, 0xe7, 0x38, 0xe7, 0x38, 0xe7, 0x38, 0xe7, 0x38, 0xe7, 0x38, 0xe7, 0x38, 0xe7, 0x38,
  0xe7, 0x38, 0xe7, 0x38, 0xe7, 0x38, 0xe7, 0x38, 0xe7, 0x38, 0xe7, 0x38, 0xe7, 0x38, 0xe7, 0x38,
  0x63, 0x10, 0x63, 0x10, 0x63, 0x10, 0x63, 0x10, 0x63, 0x10, 0x63, 0x10, 0x63, 0x10, 0x63, 0x10,
  0x63, 0x10, 0x63, 0x10, 0x63, 0x10, 0x63, 0x10, 0x63, 0x10, 0x63, 0x10, 0x63, 0x10, 0x63, 0x10,
  0xe7, 0x38, 0xe7, 0x38, 0xe7, 0x38, 0xe7, 0x38, 0xe7, 0x38, 0xe7, 0x38, 0xe7, 0x38, 0xe7, 0x38,
  0xe7, 0x38, 0xe7, 0x38, 0xe7, 0x38, 0xe7, 0x38, 0xe7, 0x38, 0xe7, 0x38, 0xe7, 0x38, 0x63, 0x10,
  0x63, 0x10, 0x63, 0x10, 0x63, 0x10, 0x63, 0x10, 0x63, 0x10, 0x63, 0x10, 0x63, 0x10, 0x63, 0x10,
  0x63, 0x10, 0x63, 0x10, 0x63, 0x10, 0x63, 0x10, 0x63, 0x10, 0x63, 0x10, 0x63, 0x10, 0x63, 0x10,
  0x63, 0x10, 0x63, 0x10, 0x63, 0x10, 0x63, 0x10, 0x63, 0x10, 0x63, 0x10, 0x63, 0x10, 0x63, 0x10,
  0x63, 0x10, 0x63, 0x10, 0x63, 0x10, 0x63, 0x10, 0x63, 0x10, 0x63, 0x10, 0x63, 0x10, 0x63, 0x10,
  0x63, 0x10, 0x63, 0x10, 0x63, 0x10, 0x63, 0x10, 0x63, 0x10, 0x63, 0x10, 0x63, 0x10, 0x63, 0x10,
  0x63, 0x10, 0x63, 0x10, 0x63, 0x10, 0x63, 0x10, 0x63, 0x10, 0x63, 0x10, 0x63, 0x10, 0x63, 0x10,
  0x63, 0x10, 0x63, 0x10, 0x63, 0x10, 0x63, 0x10, 0x63, 0x10, 0x63, 0x10, 0x63, 0x10, 0x63, 0x10,
  0x63, 0x10, 0x63, 0x10, 0x63, 0x10, 0x63, 0x10, 0x63, 0x10, 0x63, 0x10, 0x63, 0x10, 0x63, 0x10,
  0x63, 0x10, 0x63, 0x10, 0x63, 0x10, 0x63, 0x10, 0x63, 0x10, 0x63, 0x10, 0x63, 0x10, 0x63, 0x10,
  0x63, 0x10, 0xe7, 0x38, 0xe7, 0x38, 0xe7, 0x38, 0xe7, 0x38, 0xe7, 0x38, 0xe7, 0x38, 0xe7, 0x38,
  0xe7, 0x38, 0xe7, 0x38, 0xe7, 0x38, 0xe7, 0x38, 0xe7, 0x38, 0xe7, 0x38, 0xe7, 0x38, 0xe7, 0x38,
  0xe7, 0x38, 0xe7, 0x38, 0xe7, 0x38, 0xe7, 0x38, 0xe7, 0x38, 0xe7, 0x38, 0xe7, 0x38, 0x63, 0x10,
  0x63, 0x10, 0x63, 0x10, 0x63, 0x10, 0x63, 0x10, 0x63, 0x10, 0x63, 0x10, 0x63, 0x10, 0x63, 0x10,
  0x63, 0x10, 0x63, 0x10, 0x63, 0x10, 0x63, 0x10, 0x63, 0x10, 0x63, 0x10, 0x63, 0x10, 0x63, 0x10,
  0x63, 0x10, 0x63, 0x10, 0xe7, 0x38, 0xe7, 0x38, 0xe7, 0x38, 0xe7, 0x38, 0xe7, 0x38, 0xe7, 0x38,
  0xe7, 0x38, 0xe7, 0x38, 0xe7, 0x38, 0xe7, 0x38, 0xe7, 0x38, 0x63, 0x10, 0x63, 0x10, 0x63, 0x10,
  0x63, 0x10, 0x63, 0x10, 0x63, 0x10, 0x63, 0x10, 0x63, 0x10, 0x63, 0x10, 0x63, 0x10, 0x63, 0x10,
  0x63, 0x10, 0x63, 0x10, 0x63, 0x10, 0x63, 0x10, 0x63, 0x10, 0x63, 0x10, 0x63, 0x10, 0x63, 0x10,
  0x63, 0x10, 0x63, 0x10, 0x63, 0x10, 0x63, 0x10, 0x63, 0x10, 0x63, 0x10, 0x63, 0x10, 0x63, 0x10,
  0x63, 0x10, 0x63, 0x10, 0x63, 0x10, 0x63, 0x10, 0x63, 0x10, 0x63, 0x10, 0x63, 0x10, 0x63, 0x10,
  0x63, 0x10, 0x63, 0x10, 0x63, 0x10, 0x63, 0x10, 0x63, 0x10, 0x63, 0x10, 0x63, 0x10, 0x63, 0x10,
  0x63, 0x10, 0x63, 0x10, 0x63, 0x10, 0x63, 0x10, 0x63, 0x10, 0x63, 0x10, 0x63, 0x10, 0x63, 0x10,
  0x63, 0x10, 0x63, 0x10, 0x63, 0x10, 0x63, 0x10, 0x63, 0x10, 0x63, 0x10, 0x63, 0x10, 0x63, 0x10,
  0x63, 0x10, 0x63, 0x10, 0x63, 0x10, 0x63, 0x10, 0x63, 0x10, 0x63, 0x10, 0x63, 0x10, 0x63, 0x10,
  0x63, 0x10, 0x63, 0x10, 0x63, 0x10, 0x63, 0x10, 0x63, 0x10, 0x63, 0x10, 0x63, 0x10, 0x63, 0x10,
  0x63, 0x10, 0x63, 0x10, 0xe7, 0x38, 0xe7, 0x38, 0xe7, 0x38, 0xe7, 0x38, 0xe7, 0x38, 0xe7, 0x38,
  0xe7, 0x38, 0xe7, 0x38, 0xe7, 0x38, 0xe7, 0x38, 0xe7, 0x38, 0xe7, 0x38, 0xe7, 0x38, 0xe7, 0x38,
  0xe7, 0x38, 0xe7, 0x38, 0xe7, 0x38, 0xe7, 0x38, 0xe7, 0x38, 0x63, 0x10, 0x63, 0x10, 0x63, 0x10,
  0x63, 0x10, 0x63, 0x10, 0x63, 0x10, 0x63, 0x10, 0x63, 0x10, 0x63, 0x10, 0x63, 0x10, 0x63, 0x10,
  0x63, 0x10, 0x63, 0x10, 0x63, 0x10, 0x63, 0x10, 0x63, 0x10, 0x63, 0x10, 0x63, 0x10, 0x63, 0x10,
  0x63, 0x10, 0x63, 0x10, 0x63, 0x10, 0x63, 0x10, 0x63, 0x10, 0x63, 0x10, 0x63, 0x10, 0x63, 0x10,
  0x63, 0x10, 0x63, 0x10, 0x63, 0x10, 0x63, 0x10, 0x63, 0x10, 0x63, 0x10, 0x63, 0x10, 0x63, 0x10,
  0x63, 0x10, 0x63, 0x10, 0x63, 0x10, 0x63, 0x10, 0x63, 0x10, 0x63, 0x10, 0x63, 0x10, 0x63, 0x10,
  0x63, 0x10, 0x63, 0x10, 0x63, 0x10, 0x63, 0x10, 0x63, 0x10, 0x63, 0x10, 0x63, 0x10, 0x63, 0x10,
  0x63, 0x10, 0x63, 0x10, 0x63, 0x10, 0x63, 0x10, 0x63, 0x10, 0x63, 0x10, 0x63, 0x10, 0x63, 0x10,
  0x63, 0x10, 0x63, 0x10, 0x63, 0x10, 0x63, 0x10, 0x63, 0x10, 0x63, 0x10, 0x63, 0x10, 0x63, 0x10,
  0x63, 0x10, 0x63, 0x10, 0x63, 0x10, 0x63, 0x10, 0x63, 0x10, 0x63, 0x10, 0x63, 0x10, 0x63, 0x10,
  0x63, 0x10, 0x63, 0x10, 0x63, 0x10, 0x63, 0x10, 0x63, 0x10, 0x63, 0x10, 0x63, 0x10, 0x63, 0x10,
  0x63, 0x10, 0x63, 0x10, 0x63, 0x10, 0x63, 0x10, 0x63, 0x10, 0x63, 0x10, 0x63, 0x10, 0x63, 0x10,
  0x63, 0x10, 0x63, 0x10, 0x63, 0x10, 0x63, 0x10, 0x63, 0x10, 0x63, 0x10, 0x63, 0x10, 0x63, 0x10,
  0x63, 0x10, 0x63, 0x10, 0x63, 0x10, 0x63, 0x10, 0x63, 0x10, 0x63, 0x10, 0x63, 0x10, 0x63, 0x10,
  0x63, 0x10, 0x63, 0x10, 0x63, 0x10, 0x63, 0x10, 0xe7, 0x38, 0xe7, 0x38, 0xe7, 0x38, 0xe7, 0x38,
  0xe7, 0x38, 0xe7, 0x38, 0xe7, 0x38, 0xe7, 0x38, 0xe7, 0x38, 0xe7, 0x38, 0xe7, 0x38, 0xe7, 0x38,
  0xe7, 0x38, 0xe7, 0x38, 0xe7, 0x38, 0x63, 0x10, 0x63, 0x10, 0x63, 0x10, 0x63, 0x10, 0x63, 0x10,
  0x63, 0x10, 0x63, 0x10, 0x63, 0x10, 0x63, 0x10, 0x63, 0x10, 0x63, 0x10, 0x63, 0x10, 0x63, 0x10,
  0x63, 0x10, 0x63, 0x10, 0x63, 0x10, 0x63, 0x10, 0x63, 0x10, 0x63, 0x10, 0x63, 0x10, 0x63, 0x10,
  0x63, 0x10, 0x63, 0x10, 0x63, 0x10, 0x63, 0x10, 0x63, 0x10, 0x63, 0x10, 0x63, 0x10, 0x63, 0x10,
  0x63, 0x10, 0x63, 0x10, 0x63, 0x10, 0x63, 0x10, 0x63, 0x10, 0x63, 0x10, 0x63, 0x10, 0x63, 0x10,
  0x63, 0x10, 0x63, 0x10, 0x63, 0x10, 0x63, 0x10, 0x63, 0x10, 0x63, 0x10, 0x63, 0x10, 0x63, 0x10,
  0x63, 0x10, 0x63, 0x10, 0x63, 0x10, 0x63, 0x10, 0x63, 0x10, 0x63, 0x10, 0x63, 0x10, 0x63, 0x10,
  0x63, 0x10, 0x63, 0x10, 0x63, 0x10, 0x63, 0x10, 0x63, 0x10, 0x63, 0x10, 0x63, 0x10, 0x63, 0x10,
  0x63, 0x10, 0x63, 0x10, 0x63, 0x10, 0x63, 0x10, 0x63, 0x10, 0x63, 0x10, 0x63, 0x10, 0x63, 0x10,
  0x63, 0x10, 0x63, 0x10, 0x63, 0x10, 0x63, 0x10, 0x63, 0x10, 0x63, 0x10, 0x63, 0x10, 0x63, 0x10,
  0x63, 0x10, 0x63, 0x10, 0x63, 0x10, 0x63, 0x10, 0x63, 0x10, 0x63, 0x10, 0x63, 0x10, 0x63, 0x10,
  0x63, 0x10, 0x63, 0x10, 0x63, 0x10, 0x63, 0x10, 0x63, 0x10, 0x63, 0x10, 0x63, 0x10, 0x63, 0x10,
  0x63, 0x10, 0x63, 0x10, 0x63, 0x10, 0x63, 0x10, 0x63, 0x10, 0x63, 0x10, 0x63, 0x10, 0x63, 0x10,
  0x63, 0x10, 0x63, 0x10, 0x63, 0x10, 0x63, 0x10, 0x63, 0x10, 0x63, 0x10, 0x63, 0x10, 0x63, 0x10,
  0x63, 0x10, 0x63, 0x10, 0x63, 0x10, 0x63, 0x10, 0x63, 0x10, 0x63, 0x10, 0xe7, 0x38, 0xe7, 0x38,
  0xe7, 0x38, 0xe7, 0x38, 0xe7, 0x38, 0xe7, 0x38, 0xe7, 0x38, 0xe7, 0x38, 0xe7, 0x38, 0xe7, 0x38,
  0xe7, 0x38, 0x63, 0x10, 0x63, 0x10, 0x63, 0x10, 0x63, 0x10, 0x63, 0x10, 0x63, 0x10, 0x63, 0x10,
  0x63, 0x10, 0x63, 0x10, 0x63, 0x10, 0x63, 0x10, 0x63, 0x10, 0x63, 0x10, 0x63, 0x10, 0x63, 0x10,
  0x63, 0x10, 0x63, 0x10, 0x63, 0x10, 0x63, 0x10, 0x63, 0x10, 0x63, 0x10, 0x63, 0x10, 0x63, 0x10,
  0x63, 0x10, 0x63, 0x10, 0x63, 0x10, 0x63, 0x10, 0x63, 0x10, 0x63, 0x10, 0x63, 0x10, 0x63, 0x10,
  0x63, 0x10, 0x63, 0x10, 0x63, 0x10, 0x63, 0x10, 0x63, 0x10, 0x63, 0x10, 0x63, 0x10, 0x63, 0x10,
  0x63, 0x10, 0x63, 0x10, 0x63, 0x10, 0x63, 0x10, 0x63, 0x10, 0x63, 0x10, 0x63, 0x10, 0x63, 0x10,
  0x63, 0x10, 0x63, 0x10, 0x63, 0x10, 0x63, 0x10, 0x63, 0x10, 0x63, 0x10, 0x63, 0x10, 0x63, 0x10,
  0x63, 0x10, 0x63, 0x10, 0x63, 0x10, 0x63, 0x10, 0x63, 0x10, 0x63, 0x10, 0x63, 0x10, 0x63, 0x10,
  0x63, 0x10, 0x63, 0x10, 0x63, 0x10, 0x63, 0x10, 0x63, 0x10, 0x63, 0x10, 0x63, 0x10, 0x63, 0x10,
  0x63, 0x10, 0x63, 0x10, 0x63, 0x10, 0x63, 0x10, 0x63, 0x10, 0x63, 0x10, 0x63, 0x10, 0x63, 0x10,
  0x63, 0x10, 0x63, 0x10, 0x63, 0x10, 0x63, 0x10, 0x63, 0x10, 0x63, 0x10, 0x63, 0x10, 0x63, 0x10,
  0x63, 0x10, 0x63, 0x10, 0x63, 0x10, 0x63, 0x10, 0x63, 0x10, 0x63, 0x10, 0x63, 0x10, 0x63, 0x10,
  0x63, 0x10, 0x63, 0x10, 0x63, 0x10, 0x63, 0x10, 0x63, 0x10, 0x63, 0x10, 0x63, 0x10, 0x63, 0x10,
  0x63, 0x10, 0x63, 0x10, 0x63, 0x10, 0x63, 0x10, 0x63, 0x10, 0x63, 0x10, 0x63, 0x10, 0x63, 0x10,
  0x63, 0x10, 0x63, 0x10, 0x63, 0x10, 0x63, 0x10, 0x63, 0x10, 0x63, 0x10, 0x63, 0x10, 0x63, 0x10,
  0x63, 0x10, 0x63, 0x10, 0x63, 0x10, 0x63, 0x10, 0x63, 0x10, 0x63, 0x10, 0x63, 0x10, 0x63, 0x10,
  0x63, 0x10, 0x63, 0x10, 0x63, 0x10, 0x63, 0x10, 0x63, 0x10, 0x63, 0x10, 0x63, 0x10, 0x63, 0x10,
  0x63, 0x10, 0x63, 0x10, 0x63, 0x10, 0x63, 0x10, 0x63, 0x10, 0x63, 0x10, 0x63, 0x10, 0x63, 0x10,
  0x63, 0x10, 0x63, 0x10, 0x63, 0x10, 0x63, 0x10, 0x63, 0x10, 0x63, 0x10, 0x63, 0x10, 0x63, 0x10,
  0x63, 0x10, 0x63, 0x10, 0x63, 0x10, 0x63, 0x10, 0x63, 0x10, 0x63, 0x10, 0x63, 0x10, 0x63, 0x10,
  0x63, 0x10, 0x63, 0x10, 0x63, 0x10, 0x63, 0x10, 0x63, 0x10, 0x63, 0x10, 0x63, 0x10, 0x63, 0x10,
  0x63, 0x10, 0x63, 0x10, 0x63, 0x10, 0x63, 0x10, 0x63, 0x10, 0x63, 0x10, 0x63, 0x10, 0x63, 0x10,
  0x63, 0x10, 0x63, 0x10, 0x63, 0x10, 0x63, 0x10, 0x63, 0x10, 0x63, 0x10, 0x63, 0x10, 0x63, 0x10,
  0x63, 0x10, 0x63, 0x10, 0x63, 0x10, 0x63, 0x10, 0x63, 0x10, 0x63, 0x10, 0x63, 0x10, 0x63, 0x10,
  0x63, 0x10, 0x63, 0x10, 0x63, 0x10, 0x63, 0x10, 0x63, 0x10, 0x63, 0x10, 0x63, 0x10, 0x63, 0x10,
  0x63, 0x10, 0x63, 0x10, 0x63, 0x10, 0x63, 0x10, 0x63, 0x10, 0x63, 0x10, 0x63, 0x10, 0x63, 0x10,
  0x63, 0x10, 0x63, 0x10, 0x63, 0x10, 0x63, 0x10, 0x63, 0x10, 0x63, 0x10, 0x63, 0x10, 0x63, 0x10,
  0x63, 0x10, 0x63, 0x10, 0x63, 0x10, 0x63, 0x10, 0x63, 0x10, 0x63, 0x10, 0x63, 0x10, 0x63, 0x10,
  0x63, 0x10, 0x63, 0x10, 0x63, 0x10, 0x63, 0x10, 0x63, 0x10, 0x63, 0x10, 0x63, 0x10, 0x63, 0x10,
  0x63, 0x10, 0x63, 0x10, 0x63, 0x10, 0x63, 0x10, 0x63, 0x10, 0x63, 0x10, 0x63, 0x10, 0x63, 0x10,
  0x63, 0x10, 0x63, 0x10, 0x63, 0x10, 0x63, 0x10, 0x63, 0x10, 0x63, 0x10, 0x63, 0x10, 0x63, 0x10,
  0x63, 0x10, 0x63, 0x10, 0x63, 0x10, 0x63, 0x10, 0x63, 0x10, 0x63, 0x10, 0x63, 0x10, 0x63, 0x10,
  0x63, 0x10, 0x63, 0x10, 0x63, 0x10, 0x63, 0x10, 0x63, 0x10, 0x63, 0x10, 0x63, 0x10, 0x63, 0x10,
  0x63, 0x10, 0x63, 0x10, 0x63, 0x10, 0x63, 0x10, 0x63, 0x10, 0x63, 0x10, 0x63, 0x10, 0x63, 0x10,
  0x63, 0x10, 0x63, 0x10, 0x63, 0x10, 0x63, 0x10, 0x63, 0x10, 0x63, 0x10, 0x63, 0x10, 0x63, 0x10,
  0x63, 0x10, 0x63, 0x10, 0x63, 0x10, 0x63, 0x10, 0x63, 0x10, 0x63, 0x10, 0x63, 0x10, 0x63, 0x10,
  0x63, 0x10, 0x63, 0x10, 0x63, 0x10, 0x63, 0x10, 0x63, 0x10, 0x63, 0x10, 0x63, 0x10, 0x63, 0x10,
  0x63, 0x10, 0x63, 0x10, 0x63, 0x10, 0x63, 0x10, 0x63, 0x10, 0x63, 0x10, 0x63, 0x10, 0x63, 0x10,
  0x63, 0x10, 0x63, 0x10, 0x63, 0x10, 0x63, 0x10, 0x63, 0x10, 0x63, 0x10, 0x63, 0x10, 0x63, 0x10,
  0x63, 0x10, 0x63, 0x10, 0x63, 0x10, 0x63, 0x10, 0x63, 0x10, 0x63, 0x10, 0x63, 0x10, 0x63, 0x10,
  0x63, 0x10, 0x63, 0x10, 0x63, 0x10, 0x63, 0x10, 0x63, 0x10, 0x63, 0x10, 0x63, 0x10, 0x63, 0x10,
  0x63, 0x10, 0x63, 0x10, 0x63, 0x10, 0x63, 0x10, 0x63, 0x10, 0x63, 0x10, 0x63, 0x10, 0x63, 0x10,
  0x63, 0x10, 0x63, 0x10, 0x63, 0x10, 0x63, 0x10, 0x63, 0x10, 0x63, 0x10, 0x63, 0x10, 0x63, 0x10,
  0x63, 0x10, 0x63, 0x10, 0x63, 0x10, 0x63, 0x10, 0x63, 0x10, 0x63, 0x10, 0x63, 0x10, 0x63, 0x10,
  0x63, 0x10, 0x63, 0x10, 0x63, 0x10, 0x63, 0x10, 0x63, 0x10, 0x63, 0x10, 0x63, 0x10, 0x63, 0x10,
  0x63, 0x10, 0x63, 0x10, 0x63, 0x10, 0x63, 0x10, 0x63, 0x10, 0x63, 0x10, 0x63, 0x10, 0x63, 0x10,
  0x63, 0x10, 0x63, 0x10, 0x63, 0x10, 0x63, 0x10, 0x63, 0x10, 0x63, 0x10, 0x63, 0x10, 0x63, 0x10,
  0x63, 0x10, 0x63, 0x10, 0x63, 0x10, 0x63, 0x10, 0x63, 0x10, 0x63, 0x10, 0x63, 0x10, 0x63, 0x10,
  0x63, 0x10, 0x63, 0x10, 0x63, 0x10, 0x63, 0x10, 0x63, 0x10, 0x63, 0x10, 0x63, 0x10, 0x63, 0x10,
  0x63, 0x10, 0x63, 0x10, 0x63, 0x10, 0x63, 0x10, 0x63, 0x10, 0x63, 0x10, 0x63, 0x10, 0x63, 0x10,
  0x63, 0x10, 0x63, 0x10, 0x63, 0x10, 0x63, 0x10, 0x63, 0x10, 0x63, 0x10, 0x63, 0x10, 0x63, 0x10,
  0x63, 0x10, 0x63, 0x10, 0x63, 0x10, 0x63, 0x10, 0x63, 0x10, 0x63, 0x10, 0x63, 0x10, 0x63, 0x10,
  0x63, 0x10, 0x63, 0x10, 0x63, 0x10, 0x63, 0x10, 0x63, 0x10, 0x63, 0x10, 0x63, 0x10, 0x63, 0x10,
  0x63, 0x10, 0x63, 0x10, 0x63, 0x10, 0x63, 0x10, 0x63, 0x10, 0x63, 0x10, 0x63, 0x10, 0x63, 0x10,
  0x63, 0x10, 0x63, 0x10, 0x63, 0x10, 0x63, 0x10, 0x63, 0x10, 0x63, 0x10, 0x63, 0x10, 0x63, 0x10,
  0x63, 0x10, 0x63, 0x10, 0x63, 0x10, 0x63, 0x10, 0x63, 0x10, 0x63, 0x10, 0x63, 0x10, 0x63, 0x10,
  0x63, 0x10, 0x63, 0x10, 0x63, 0x10, 0x63, 0x10, 0x63, 0x10, 0x63, 0x10, 0x63, 0x10, 0x63, 0x10,
  0x63, 0x10, 0x63, 0x10, 0x63, 0x10, 0x63, 0x10, 0x63, 0x10, 0x63, 0x10, 0x63, 0x10, 0x63, 0x10,
  0x63, 0x10, 0x63, 0x10, 0x63, 0x10, 0x63, 0x10, 0x63, 0x10, 0x63, 0x10, 0x63, 0x10, 0x63, 0x10,
  0x63, 0x10, 0x63, 0x10, 0x63, 0x10, 0x63, 0x10, 0x63, 0x10, 0x63, 0x10, 0x63, 0x10, 0x63, 0x10,
  0x63, 0x10, 0x63, 0x10, 0x63, 0x10, 0x63, 0x10, 0x63, 0x10, 0x63, 0x10, 0x63, 0x10, 0x63, 0x10,
  0x63, 0x10, 0x63, 0x10, 0x63, 0x10, 0x63, 0x10, 0x63, 0x10, 0x63, 0x10, 0x63, 0x10, 0x63, 0x10,
  0x63, 0x10, 0x63, 0x10, 0x63, 0x10, 0x63, 0x10, 0x63, 0x10, 0x63, 0x10, 0x63, 0x10, 0x63, 0x10,
  0x63, 0x10, 0x63, 0x10, 0x63, 0x10, 0x63, 0x10, 0x63, 0x10, 0x63, 0x10, 0x63, 0x10, 0x63, 0x10,
  0x63, 0x10, 0x63, 0x10, 0x63, 0x10, 0x63, 0x10, 0x63, 0x10, 0x63, 0x10, 0x63, 0x10, 0x63, 0x10,
  0x63, 0x10, 0x63, 0x10, 0x63, 0x10, 0x63, 0x10, 0x63, 0x10, 0x63, 0x10, 0x63, 0x10, 0x63, 0x10,
  0x63, 0x10, 0x63, 0x10, 0x63, 0x10, 0x63, 0x10, 0x63, 0x10, 0x63, 0x10, 0x63, 0x10, 0x63, 0x10,
  0x63, 0x10, 0x63, 0x10, 0x63, 0x10, 0x63, 0x10, 0x63, 0x10, 0x63, 0x10, 0x63, 0x10, 0x63, 0x10,
  0x63, 0x10, 0x63, 0x10, 0x63, 0x10, 0x63, 0x10, 0x63, 0x10, 0x63, 0x10, 0x63, 0x10, 0x63, 0x10,
  0x63, 0x10, 0x63, 0x10, 0x63, 0x10, 0x63, 0x10, 0x63, 0x10, 0x63, 0x10, 0x63, 0x10, 0x63, 0x10,
  0x63, 0x10, 0x63, 0x10, 0x63, 0x10, 0x63, 0x10, 0x63, 0x10, 0x63, 0x10, 0x63, 0x10, 0x63, 0x10,
  0x63, 0x10, 0x63, 0x10, 0x63, 0x10, 0x63, 0x10, 0x63, 0x10, 0x63, 0x10, 0x63, 0x10, 0x63, 0x10,
  0x63, 0x10, 0x63, 0x10, 0x63, 0x10, 0x63, 0x10, 0x63, 0x10, 0x63, 0x10, 0x63, 0x10, 0x63, 0x10,
  0x63, 0x10, 0x63, 0x10, 0x63, 0x10, 0x63, 0x10, 0x63, 0x10, 0x63, 0x10, 0x63, 0x10, 0x63, 0x10,
  0x63, 0x10, 0x63, 0x10, 0x63, 0x10, 0x63, 0x10, 0x63, 0x10, 0x63, 0x10, 0x63, 0x10, 0x63, 0x10,
  0x63, 0x10, 0x63, 0x10, 0x63, 0x10, 0x63, 0x10, 0x63, 0x10, 0x63, 0x10, 0x63, 0x10, 0x63, 0x10,
  0x63, 0x10, 0x63, 0x10, 0x63, 0x10, 0x63, 0x10, 0x63, 0x10, 0x63, 0x10, 0x63, 0x10, 0x63, 0x10,
  0x63, 0x10, 0x63, 0x10, 0x63, 0x10, 0x63, 0x10, 0x63, 0x10, 0x63, 0x10, 0x63, 0x10, 0x63, 0x10,
  0x63, 0x10, 0x63, 0x10, 0x63, 0x10, 0x63, 0x10, 0x63, 0x10, 0x63, 0x10, 0x63, 0x10, 0x63, 0x10,
  0x63, 0x10, 0x63, 0x10, 0x63, 0x10, 0x63, 0x10, 0x63, 0x10, 0x63, 0x10, 0x63, 0x10, 0x63, 0x10,
  0x63, 0x10, 0x63, 0x10, 0x63, 0x10, 0x63, 0x10, 0x63, 0x10, 0x63, 0x10, 0x63, 0x10, 0x63, 0x10,
  0x63, 0x10, 0x63, 0x10, 0x63, 0x10, 0x63, 0x10, 0x63, 0x10, 0x63, 0x10, 0x63, 0x10, 0x63, 0x10,
  0x63, 0x10, 0x63, 0x10, 0x63, 0x10, 0x63, 0x10, 0x63, 0x10, 0x63, 0x10, 0x63, 0x10, 0x63, 0x10,
  0x63, 0x10, 0x63, 0x10, 0x63, 0x10, 0x63, 0x10, 0x63, 0x10, 0x63, 0x10, 0x63, 0x10, 0x63, 0x10,
  0x63, 0x10, 0x63, 0x10, 0x63, 0x10, 0x63, 0x10, 0x63, 0x10, 0x63, 0x10, 0x63, 0x10, 0x63, 0x10,
  0x63, 0x10, 0x63, 0x10, 0x63, 0x10, 0x63, 0x10, 0x63, 0x10, 0x63, 0x10, 0x63, 0x10, 0x63, 0x10,
  0x63, 0x10, 0x63, 0x10, 0x63, 0x10, 0x63, 0x10, 0x63, 0x10, 0x63, 0x10, 0x63, 0x10, 0x63, 0x10,
  0x63, 0x10, 0x63, 0x10, 0x63, 0x10, 0x63, 0x10, 0x63, 0x10, 0x63, 0x10, 0x63, 0x10, 0x63, 0x10,
  0x63, 0x10, 0x63, 0x10, 0x63, 0x10, 0x63, 0x10, 0x63, 0x10, 0x63, 0x10, 0x63, 0x10, 0x63, 0x10,
  0x63, 0x10, 0x63, 0x10, 0x63, 0x10, 0x63, 0x10, 0x63, 0x10, 0x63, 0x10, 0x63, 0x10, 0x63, 0x10,
  0x63, 0x10, 0x63, 0x10, 0x63, 0x10, 0x63, 0x10, 0x63, 0x10, 0x63, 0x10, 0x63, 0x10, 0x63, 0x10,
  0x63, 0x10, 0x63, 0x10, 0x63, 0x10, 0x63, 0x10, 0x63, 0x10, 0x63, 0x10, 0x63, 0x10, 0x63, 0x10,
  0x63, 0x10, 0x63, 0x10, 0x63, 0x10, 0x63, 0x10, 0x63, 0x10, 0x63, 0x10, 0x63, 0x10, 0x63, 0x10,
  0x63, 0x10, 0x63, 0x10, 0x63, 0x10, 0x63, 0x10, 0x63, 0x10, 0x63, 0x10, 0x63, 0x10, 0x63, 0x10,
  0x63, 0x10, 0x63, 0x10, 0x63, 0x10, 0x63, 0x10, 0x63, 0x10, 0x63, 0x10, 0x63, 0x10, 0x63, 0x10,
  0x63, 0x10, 0x63, 0x10, 0x63, 0x10, 0x63, 0x10, 0x63, 0x10, 0x63, 0x10, 0x63, 0x10, 0x63, 0x10,
  0x63, 0x10, 0x63, 0x10, 0x63, 0x10, 0x63, 0x10, 0x63, 0x10, 0x63, 0x10, 0x63, 0x10, 0x63, 0x10,
  0x63, 0x10, 0x63, 0x10, 0x63, 0x10, 0x63, 0x10, 0x63, 0x10, 0x63, 0x10, 0x63, 0x10, 0x63, 0x10,
  0x63, 0x10, 0x63, 0x10, 0x63, 0x10, 0x63, 0x10, 0x63, 0x10, 0x63, 0x10, 0x63, 0x10, 0x63, 0x10,
};

const lv_image_dsc_t sunset = {
  .header = {
    .magic = LV_IMAGE_HEADER_MAGIC,
    .cf = LV_COLOR_FORMAT_RGB565,
    .flags = 0,
    .w = 128,
    .h = 80,
    .stride = 256,
  },
  .data_size = sizeof(sunset_map),
  .data = sunset_map,
};
